Date,price
2009-01-05,1437.295288
2009-01-06,1435.494385
2009-01-07,1421.427856
2009-01-08,1402.619385
2009-01-09,1416.62793
2009-01-12,1406.51123
2009-01-13,1399.6915279999998
2009-01-14,1386.8647460000002
2009-01-15,1343.454102
2009-01-16,1363.835571
2009-01-19,1350.646851
2009-01-20,1344.111084
2009-01-21,1321.413696
2009-01-22,1327.283691
2009-01-23,1315.545898
2009-01-27,1336.591309
2009-01-28,1321.411743
2009-01-29,1324.610718
2009-01-30,1332.627441
2009-02-02,1310.6040039999998
2009-02-03,1304.292358
2009-02-04,1320.32373
2009-02-05,1328.0355220000001
2009-02-06,1350.60083
2009-02-09,1342.186035
2009-02-10,1332.0894779999999
2009-02-11,1324.784668
2009-02-12,1325.381714
2009-02-13,1338.702148
2009-02-16,1341.962158
2009-02-17,1318.000977
2009-02-18,1330.5704349999999
2009-02-19,1323.6567380000001
2009-02-20,1296.903564
2009-02-23,1312.400024
2009-02-24,1295.830566
2009-02-25,1300.069458
2009-02-26,1290.282837
2009-02-27,1285.4377439999998
2009-03-02,1256.071655
2009-03-03,1264.778442
2009-03-04,1289.341797
2009-03-05,1288.035767
2009-03-06,1286.654785
2009-03-10,1300.176392
2009-03-11,1314.47998
2009-03-12,1310.3751220000001
2009-03-13,1327.397705
2009-03-16,1324.807739
2009-03-17,1312.053101
2009-03-18,1322.797729
2009-03-19,1341.563232
2009-03-20,1360.848633
2009-03-23,1406.605225
2009-03-24,1436.073364
2009-03-25,1419.930908
2009-03-27,1462.701538
2009-03-30,1419.049927
2009-03-31,1434.0313720000001
2009-04-01,1461.70459
2009-04-02,1499.688477
2009-04-03,1500.3164060000001
2009-04-06,1516.596069
2009-04-07,1490.8127439999998
2009-04-08,1465.706543
2009-04-09,
2009-04-13,1540.357178
2009-04-14,1570.214355
2009-04-15,1593.615601
2009-04-16,1625.038818
2009-04-17,1634.741455
2009-04-20,1661.795654
2009-04-22,1615.184082
2009-04-23,1592.6525880000002
2009-04-24,1591.288818
2009-04-27,1576.034302
2009-04-28,1595.867676
2009-04-29,1644.13623
2009-04-30,1722.714844
2009-05-01,1729.530762
2009-05-04,1788.093994
2009-05-05,1772.017334
2009-05-06,1798.2827149999998
2009-05-07,1828.797729
2009-05-08,1862.476685
2009-05-11,1830.686646
2009-05-12,1841.9672850000002
2009-05-13,1851.2771
2009-05-14,1784.950073
2009-05-15,1750.862061
2009-05-18,1803.514404
2009-05-19,1885.959961
2009-05-20,1885.6660160000001
2009-05-21,
2009-05-22,1881.653198
2009-05-25,1890.914795
2009-05-26,1857.530884
2009-05-27,1892.7868649999998
2009-05-28,1902.8194579999997
2009-05-29,1916.77417
2009-06-01,1998.52063
2009-06-02,1998.583618
2009-06-03,2010.854248
2009-06-04,2032.65564
2009-06-05,2078.869141
2009-06-08,2056.5859379999997
2009-06-09,2093.231934
2009-06-10,2108.751465
2009-06-11,2089.5229489999997
2009-06-12,2090.881104
2009-06-15,2069.813721
2009-06-16,2030.305664
2009-06-17,2024.9047850000002
2009-06-18,1950.929077
2009-06-19,1990.412964
2009-06-22,1974.968384
2009-06-23,1914.328125
2009-06-24,1995.6147460000002
2009-06-25,2044.110352
2009-06-26,2040.132446
2009-06-29,2033.65564
2009-06-30,2026.7198489999998
2009-07-01,2059.822754
2009-07-02,2065.69165
2009-07-03,2075.240479
2009-07-06,2034.949585
2009-07-07,2083.185303
2009-07-08,
2009-07-09,2083.912354
2009-07-10,2063.032715
2009-07-13,2020.079102
2009-07-14,2056.518066
2009-07-15,2123.215088
2009-07-16,2117.886963
2009-07-17,2106.290527
2009-07-20,
2009-07-21,2146.490234
2009-07-22,2125.552002
2009-07-23,2160.652832
2009-07-24,2185.589355
2009-07-27,2209.0354
2009-07-28,2237.0385739999997
2009-07-29,2225.746094
2009-07-30,2298.066895
2009-07-31,2323.1669920000004
2009-08-03,2338.727783
2009-08-04,2360.0239260000003
2009-08-05,2316.994385
2009-08-06,2359.906982
2009-08-07,2349.063232
2009-08-10,2389.491211
2009-08-11,2399.20459
2009-08-12,2347.28833
2009-08-13,2396.418701
2009-08-14,2386.794189
2009-08-18,2336.917725
2009-08-19,2277.684326
2009-08-20,2328.5698239999997
2009-08-21,2333.8276370000003
2009-08-24,2375.803711
2009-08-25,2380.450195
2009-08-26,2380.0161129999997
2009-08-27,2355.994141
2009-08-28,2377.17627
2009-08-31,2341.467529
2009-09-01,2326.844971
2009-09-02,2285.857178
2009-09-03,2322.177002
2009-09-04,2322.6669920000004
2009-09-07,2340.32251
2009-09-08,2371.231689
2009-09-09,2383.26709
2009-09-10,2411.791504
2009-09-11,2415.874268
2009-09-14,2382.631104
2009-09-15,2420.037109
2009-09-16,2439.284424
2009-09-17,2456.913086
2009-09-24,2468.828857
2009-09-25,2444.511475
2009-09-28,2397.756592
2009-09-29,2443.758545
2009-09-30,2467.517822
2009-10-01,2477.897461
2009-10-02,2479.77417
2009-10-05,2480.339355
2009-10-06,2528.0708010000003
2009-10-07,2513.331299
2009-10-08,2484.444336
2009-10-09,2474.327393
2009-10-12,2456.615967
2009-10-13,2471.918457
2009-10-14,2511.64624
2009-10-15,2515.30835
2009-10-16,2515.731201
2009-10-19,2520.849365
2009-10-20,2502.141846
2009-10-21,2476.7236329999996
2009-10-22,2433.112061
2009-10-23,2467.8747559999997
2009-10-26,2467.6408690000003
2009-10-27,2425.128906
2009-10-28,2355.244141
2009-10-29,2343.963379
2009-10-30,2367.630615
2009-11-02,2371.571777
2009-11-03,2334.036621
2009-11-04,2371.785645
2009-11-05,2367.143799
2009-11-06,2395.034912
2009-11-09,2406.362549
2009-11-10,2381.884277
2009-11-11,2403.8076170000004
2009-11-12,2420.209229
2009-11-13,2426.729004
2009-11-16,2468.601807
2009-11-17,2473.715576
2009-11-18,2484.155273
2009-11-19,2468.714844
2009-11-20,2487.29126
2009-11-23,2481.342285
2009-11-24,2471.810547
2009-11-25,2461.455078
2009-11-26,2393.447998
2009-11-30,2415.7651370000003
2009-12-01,2452.427979
2009-12-02,2471.490479
2009-12-03,2499.962891
2009-12-04,2511.470215
2009-12-07,2483.684326
2009-12-08,2483.818359
2009-12-09,2481.223389
2009-12-10,2486.363281
2009-12-11,2519.024414
2009-12-14,2506.311768
2009-12-15,2494.662842
2009-12-16,2522.470215
2009-12-17,2509.501221
2009-12-21,2431.316895
2009-12-22,2467.563721
2009-12-23,2474.80957
2009-12-28,2509.6171879999997
2009-12-29,2518.919189
2009-12-30,2534.2807620000003
2010-01-04,2575.33667
2010-01-05,2605.199707
2010-01-06,2603.219727
2010-01-07,2586.818115
2010-01-08,2614.29248
2010-01-11,2632.125977
2010-01-12,2659.471924
2010-01-13,2632.793945
2010-01-14,2645.102295
2010-01-15,2647.011475
2010-01-18,2642.469482
2010-01-19,2665.991943
2010-01-20,2667.1870120000003
2010-01-21,2638.303955
2010-01-22,2610.262695
2010-01-25,2597.782959
2010-01-26,2578.338623
2010-01-27,2564.478027
2010-01-28,2619.487305
2010-01-29,2610.7185059999997
2010-02-01,2587.472168
2010-02-02,2580.174561
2010-02-03,2604.47168
2010-02-04,2593.143066
2010-02-05,2518.9013670000004
2010-02-08,2475.498535
2010-02-09,2489.411377
2010-02-10,2483.3642579999996
2010-02-11,2507.6767579999996
2010-02-12,2534.061768
2010-02-15,2517.381348
2010-02-16,2558.428955
2010-02-17,2581.263672
2010-02-18,2559.9580079999996
2010-02-19,2554.300049
2010-02-22,2564.1870120000003
2010-02-23,2583.573975
2010-02-24,2579.3396
2010-02-25,2548.957275
2010-03-01,2554.598145
2010-03-02,2576.514648
2010-03-03,2567.012939
2010-03-04,2565.568848
2010-03-05,2578.695557
2010-03-08,2626.372803
2010-03-09,2657.088135
2010-03-10,2670.139648
2010-03-11,2676.442627
2010-03-12,2666.431885
2010-03-15,2669.528809
2010-03-17,2756.1801760000003
2010-03-18,2737.160645
2010-03-19,2742.892578
2010-03-22,2702.320557
2010-03-23,2720.78125
2010-03-24,2774.767578
2010-03-25,2799.065918
2010-03-26,2812.998535
2010-03-29,2794.6879879999997
2010-03-30,2798.185059
2010-03-31,2777.2185059999997
2010-04-01,2829.912109
2010-04-05,2887.1604
2010-04-06,2880.883545
2010-04-07,2898.496094
2010-04-08,2850.749268
2010-04-09,2844.9267579999996
2010-04-12,2881.247559
2010-04-13,2884.6142579999996
2010-04-14,2884.9291989999997
2010-04-15,2900.444092
2010-04-16,2878.5854489999997
2010-04-19,2840.34082
2010-04-20,2891.184082
2010-04-21,2912.739502
2010-04-22,2926.445068
2010-04-23,2924.644043
2010-04-26,2944.621582
2010-04-27,2939.211914
2010-04-28,2903.23291
2010-04-29,2926.773193
2010-04-30,2971.163818
2010-05-03,2960.807129
2010-05-04,2958.927246
2010-05-05,2846.154541
2010-05-06,2810.532471
2010-05-07,2739.251709
2010-05-10,2850.342285
2010-05-11,2812.8076170000004
2010-05-12,2847.537354
2010-05-14,2858.300293
2010-05-17,2819.38623
2010-05-18,2834.101807
2010-05-19,2729.402832
2010-05-20,2694.169189
2010-05-21,2623.143066
2010-05-24,2609.532715
2010-05-25,2514.044189
2010-05-26,2696.699951
2010-05-27,2713.842529
2010-05-31,2796.874023
2010-06-01,2724.53418
2010-06-02,2733.596924
2010-06-03,2810.893555
2010-06-04,2823.167236
2010-06-07,2750.1513670000004
2010-06-08,2779.900391
2010-06-09,2785.7104489999997
2010-06-10,2770.705078
2010-06-11,2801.815674
2010-06-14,2826.753174
2010-06-15,2830.089111
2010-06-16,2858.574219
2010-06-17,2891.011963
2010-06-18,2929.502197
2010-06-21,2941.815674
2010-06-22,2934.501953
2010-06-23,2924.703125
2010-06-24,2914.008545
2010-06-25,2946.935547
2010-06-28,2955.644287
2010-06-29,2893.285156
2010-06-30,2913.597656
2010-07-01,2874.162842
2010-07-02,2871.46875
2010-07-05,2877.2185059999997
2010-07-06,2910.561523
2010-07-07,2901.9580079999996
2010-07-08,2915.821533
2010-07-09,2943.808594
2010-07-12,2958.7033690000003
2010-07-13,2961.424072
2010-07-14,2980.970459
2010-07-15,2980.5083010000003
2010-07-16,2992.361084
2010-07-19,2975.4838870000003
2010-07-20,2995.3520510000003
2010-07-21,3013.311523
2010-07-22,3009.83374
2010-07-23,3041.9296879999997
2010-07-26,3023.6091309999997
2010-07-27,3041.587646
2010-07-28,3057.384277
2010-07-29,3096.723877
2010-07-30,3069.188965
2010-08-02,3058.888184
2010-08-03,2973.567871
2010-08-04,2983.158447
2010-08-05,3044.850586
2010-08-06,3060.502197
2010-08-09,3082.506348
2010-08-10,3057.070068
2010-08-11,3035.228027
2010-08-12,3025.5541989999997
2010-08-13,3052.919434
2010-08-16,3052.508545
2010-08-18,3071.995605
2010-08-19,3105.258057
2010-08-20,3117.627441
2010-08-23,3128.6408690000003
2010-08-24,3114.846436
2010-08-25,3138.81665
2010-08-26,3145.041748
2010-08-27,3104.6408690000003
2010-08-30,3099.4729
2010-08-31,3081.79248
2010-09-01,3135.2229
2010-09-02,3122.056396
2010-09-03,3164.18335
2010-09-06,3217.05249
2010-09-07,3230.7919920000004
2010-09-15,3356.9323729999996
2010-09-16,3341.532959
2010-09-17,3384.5527340000003
2010-09-20,3370.88208
2010-09-21,3364.937256
2010-09-22,3343.243652
2010-09-23,3337.0979
2010-09-24,3397.525146
2010-09-27,3467.932861
2010-09-28,3472.604004
2010-09-29,3495.360352
2010-09-30,3501.192139
2010-10-01,3547.0097659999997
2010-10-04,3569.39209
2010-10-05,3591.588379
2010-10-06,3603.297119
2010-10-07,3586.07959
2010-10-08,3546.8488770000004
2010-10-11,3548.640625
2010-10-12,3547.142822
2010-10-13,3611.8718259999996
2010-10-14,3618.3706049999996
2010-10-15,3596.9243159999996
2010-10-18,3566.812012
2010-10-19,3592.681396
2010-10-20,3578.8479
2010-10-21,3587.903564
2010-10-22,3597.638428
2010-10-25,3643.382813
2010-10-26,3653.993652
2010-10-27,3624.359375
2010-10-28,3638.717773
2010-10-29,3635.216064
2010-11-01,3645.038818
2010-11-02,3625.380371
2010-11-03,3605.5661619999996
2010-11-04,3628.938232
2010-11-05,3655.196289
2010-11-08,3699.1530759999996
2010-11-09,3737.373047
2010-11-10,3756.8554689999996
2010-11-11,3744.506836
2010-11-12,3665.737061
2010-11-15,3656.353271
2010-11-16,3673.9179689999996
2010-11-18,3677.794922
2010-11-19,3724.9375
2010-11-22,3741.11792
2010-11-23,3678.084961
2010-11-24,3658.668457
2010-11-25,3701.9030759999996
2010-11-26,3642.391846
2010-11-29,3630.5283200000003
2010-11-30,3531.1062009999996
2010-12-01,3618.986572
2010-12-02,3694.470215
2010-12-03,3696.150146
2010-12-06,3722.236572
2010-12-08,3769.8808590000003
2010-12-09,3785.984375
2010-12-10,3747.603027
2010-12-13,3692.122314
2010-12-14,3689.5566409999997
2010-12-15,3658.205322
2010-12-16,3571.63208
2010-12-17,3581.458496
2010-12-20,3568.704102
2010-12-21,3637.3378909999997
2010-12-22,3620.5764159999994
2010-12-23,3611.423828
2010-12-27,3625.158447
2010-12-28,3659.884277
2010-12-29,3699.107178
2010-12-30,3703.4021
2011-01-03,3727.406494
2011-01-04,3759.9494630000004
2011-01-05,3783.5966799999997
2011-01-06,3736.14624
2011-01-07,3631.345215
2011-01-10,3478.445801
2011-01-11,3455.024414
2011-01-12,3554.6606450000004
2011-01-13,3564.8310549999997
2011-01-14,3569.038086
2011-01-17,3535.625977
2011-01-18,3548.543457
2011-01-19,3517.170654
2011-01-20,3454.015381
2011-01-21,3379.4426270000004
2011-01-24,3345.96167
2011-01-25,3433.803955
2011-01-26,3501.6132810000004
2011-01-27,3514.519775
2011-01-28,3487.506592
2011-01-31,3409.065918
2011-02-01,3442.398926
2011-02-02,3480.7226560000004
2011-02-04,3496.065186
2011-02-07,3487.6035159999997
2011-02-08,3459.830322
2011-02-09,3417.369385
2011-02-10,3373.5437009999996
2011-02-11,3391.665283
2011-02-14,3416.665527
2011-02-16,3416.68335
2011-02-17,3434.277832
2011-02-18,3501.393311
2011-02-21,3497.539307
2011-02-22,3450.9975590000004
2011-02-23,3474.0200200000004
2011-02-24,3439.030029
2011-02-25,3443.427979
2011-02-28,3470.2448729999996
2011-03-01,3512.5126950000003
2011-03-02,3486.093506
2011-03-03,3494.435303
2011-03-04,3542.797852
2011-03-07,3561.611328
2011-03-08,3580.2075200000004
2011-03-09,3598.568115
2011-03-10,3587.541504
2011-03-11,3542.122803
2011-03-14,3569.733154
2011-03-15,3524.3781740000004
2011-03-16,3531.372314
2011-03-17,3484.106689
2011-03-18,3493.9663090000004
2011-03-21,3518.741455
2011-03-22,3517.616699
2011-03-23,3556.125488
2011-03-24,3611.533936
2011-03-25,3607.0058590000003
2011-03-28,3602.751953
2011-03-29,3591.408203
2011-03-30,3640.8698729999996
2011-03-31,3678.5649409999996
2011-04-01,3707.377197
2011-04-04,3699.937256
2011-04-05,3685.82666
2011-04-06,3727.6875
2011-04-07,3730.472168
2011-04-08,3741.6999509999996
2011-04-11,3745.726807
2011-04-12,3719.1225590000004
2011-04-13,3734.302246
2011-04-14,3707.8691409999997
2011-04-15,3730.4011229999996
2011-04-18,3726.962402
2011-04-19,3732.539063
2011-04-20,3794.649414
2011-04-21,3800.968262
2011-04-25,3788.42749
2011-04-26,3774.759033
2011-04-27,3804.817871
2011-04-28,3808.815918
2011-04-29,3819.504639
2011-05-02,3849.1857909999994
2011-05-03,3813.754639
2011-05-04,3814.814697
2011-05-05,3816.1586909999996
2011-05-06,3798.4411619999996
2011-05-09,3785.337646
2011-05-10,3800.407227
2011-05-11,3838.0283200000003
2011-05-12,3808.5969240000004
2011-05-13,3831.907227
2011-05-16,3799.1132810000004
2011-05-18,3840.094971
2011-05-19,3859.695557
2011-05-20,3872.8378909999997
2011-05-23,3778.3420409999994
2011-05-24,3785.830811
2011-05-25,3780.0500490000004
2011-05-26,3814.702637
2011-05-27,3832.3161619999996
2011-05-30,3826.023193
2011-05-31,3836.853271
2011-06-01,3837.647217
2011-06-03,3843.905762
2011-06-06,3834.087158
2011-06-07,3842.8386229999996
2011-06-08,3825.707275
2011-06-09,3806.073975
2011-06-10,3787.5354
2011-06-13,3748.646729
2011-06-14,3773.160889
2011-06-15,3794.138428
2011-06-16,3740.359863
2011-06-17,3721.272705
2011-06-20,3729.011475
2011-06-21,3794.8264159999994
2011-06-22,3821.71875
2011-06-23,3823.5363770000004
2011-06-24,3848.443848
2011-06-27,3813.311768
2011-06-28,3830.1591799999997
2011-06-30,3888.453613
2011-07-01,3926.9814450000003
2011-07-04,3953.399902
2011-07-05,3924.0104979999996
2011-07-06,3908.8400880000004
2011-07-07,3939.355957
2011-07-08,4003.572021
2011-07-11,3995.468262
2011-07-12,3937.897949
2011-07-13,3980.726807
2011-07-14,3997.516357
2011-07-15,4023.0825200000004
2011-07-18,4032.8542479999996
2011-07-19,4023.297607
2011-07-20,4050.5117189999996
2011-07-21,4067.952148
2011-07-22,4106.700195
2011-07-25,4086.9726560000004
2011-07-26,4132.654297
2011-07-27,4173.987793
2011-07-28,4145.704102000001
2011-07-29,4130.677246
2011-08-01,4193.316406
2011-08-02,4177.722168
2011-08-03,4136.384277
2011-08-04,4121.963379
2011-08-05,3921.526611
2011-08-08,3850.1518549999996
2011-08-09,3735.008057
2011-08-10,3863.461182
2011-08-11,3869.25
2011-08-12,3890.4104
2011-08-15,3959.904297
2011-08-16,3953.1599119999996
2011-08-18,4020.874512
2011-08-19,3842.633789
2011-08-22,3839.502197
2011-08-23,3880.3488770000004
2011-08-24,3846.905762
2011-08-25,3844.2626950000003
2011-08-26,3841.616943
2011-09-05,3866.0573729999996
2011-09-06,3889.8554689999996
2011-09-07,4001.3142090000006
2011-09-08,4005.270996
2011-09-09,3998.383301
2011-09-12,3896.003418
2011-09-13,3874.6679689999996
2011-09-14,3798.9243159999996
2011-09-15,3774.2219240000004
2011-09-16,3835.067139
2011-09-19,3754.9404299999997
2011-09-20,3751.998779
2011-09-21,3697.384033
2011-09-22,3369.0432130000004
2011-09-23,3426.244385
2011-09-26,3316.0385739999997
2011-09-27,3473.834961
2011-09-28,3513.061768
2011-09-29,3537.0729979999996
2011-09-30,3548.926514
2011-10-03,3348.608643
2011-10-04,3269.354004
2011-10-05,3293.141357
2011-10-06,3443.0039060000004
2011-10-07,3425.5825200000004
2011-10-10,3450.9814450000003
2011-10-11,3531.648193
2011-10-12,3635.822754
2011-10-13,3675.274902
2011-10-14,3664.571045
2011-10-17,3728.904297
2011-10-18,3621.9194340000004
2011-10-19,3685.196533
2011-10-20,3622.6682130000004
2011-10-21,3620.556396
2011-10-24,3706.672119
2011-10-25,3710.36792
2011-10-26,3738.49585
2011-10-27,3812.890625
2011-10-28,3829.8461909999996
2011-10-31,3790.734375
2011-11-01,3684.9025880000004
2011-11-02,3762.922363
2011-11-03,3705.7001950000003
2011-11-04,3783.515625
2011-11-07,3778.1279299999997
2011-11-08,3805.5349119999996
2011-11-09,3857.248535
2011-11-10,3783.7687990000004
2011-11-11,3778.772949
2011-11-14,3832.9262700000004
2011-11-15,3813.72876
2011-11-16,3813.976807
2011-11-17,3792.140381
2011-11-18,3754.388428
2011-11-21,3679.719727
2011-11-22,3735.421143
2011-11-23,3686.898682
2011-11-24,
2011-11-25,3637.08374
2011-11-28,3646.940918
2011-11-29,3687.659668
2011-11-30,3714.969727
2011-12-01,3780.987061
2011-12-02,3779.7238770000004
2011-12-05,3780.680908
2011-12-06,3752.5625
2011-12-07,3793.1225590000004
2011-12-08,3781.648682
2011-12-09,3759.497314
2011-12-12,3792.0363770000004
2011-12-13,3763.467529
2011-12-14,3751.492676
2011-12-15,3701.430176
2011-12-16,3768.241943
2011-12-19,3770.1750490000004
2011-12-20,3752.226318
2011-12-21,3794.1545409999994
2011-12-22,3795.3305659999996
2011-12-23,3797.038086
2011-12-27,3789.3125
2011-12-28,3769.102051
2011-12-29,3808.658936
2011-12-30,3821.8786619999996
2012-01-02,
2012-01-03,3857.767578
2012-01-04,3907.304932
2012-01-05,3906.147949
2012-01-06,3869.3000490000004
2012-01-09,3888.956543
2012-01-10,3938.725098
2012-01-11,3909.523926
2012-01-12,3909.381104
2012-01-13,3935.209229
2012-01-16,3909.577148
2012-01-17,3954.6376950000003
2012-01-18,3978.0097659999997
2012-01-19,4000.954102
2012-01-20,3986.3964840000003
2012-01-24,3994.4643549999996
2012-01-25,3963.4873049999997
2012-01-26,3983.315918
2012-01-27,3986.291504
2012-01-30,3915.0437009999996
2012-01-31,3941.576172
2012-02-01,3964.858398
2012-02-02,4016.782715
2012-02-03,4015.82959
2012-02-06,3974.669922
2012-02-07,3955.334473
2012-02-08,3988.5805659999996
2012-02-09,3978.8698729999996
2012-02-10,3912.2771
2012-02-13,3961.7844240000004
2012-02-14,3952.699707
2012-02-15,3952.9277340000003
2012-02-16,3927.491455
2012-02-17,3976.423828
2012-02-20,
2012-02-21,4002.8320310000004
2012-02-22,3994.905273
2012-02-23,3958.6914060000004
2012-02-24,3894.446533
2012-02-27,3860.901611
2012-02-28,3903.440918
2012-02-29,3985.091797
2012-03-01,3962.1682130000004
2012-03-02,4004.749023
2012-03-05,3984.7788090000004
2012-03-06,3966.9582520000004
2012-03-07,3942.399902
2012-03-08,3967.5512700000004
2012-03-09,3991.4255369999996
2012-03-12,3987.227539
2012-03-13,4008.523193
2012-03-14,4054.2055659999996
2012-03-15,4039.860107
2012-03-16,4028.417725
2012-03-19,4024.613525
2012-03-20,4022.0485840000006
2012-03-21,4036.114014
2012-03-22,4041.4392090000006
2012-03-26,4031.585205
2012-03-27,4079.262939
2012-03-28,4090.4514159999994
2012-03-29,4105.04541
2012-03-30,4121.428223
2012-04-02,4165.948242
2012-04-03,4215.318848
2012-04-04,4133.913574
2012-04-05,4166.250488000001
2012-04-09,4153.943359000001
2012-04-10,4149.675781
2012-04-11,4129.890625
2012-04-12,4139.41748
2012-04-13,4159.15332
2012-04-16,4146.458008
2012-04-17,4157.241699
2012-04-18,4166.113281
2012-04-19,4163.592285
2012-04-20,4181.244140999999
2012-04-23,4155.367676
2012-04-24,4170.229004
2012-04-25,4163.519531
2012-04-26,4180.182129
2012-04-27,4163.857422
2012-04-30,4180.60791
2012-05-01,4195.859375
2012-05-02,4219.169922
2012-05-03,4223.87793
2012-05-04,4216.556152
2012-05-07,4158.738281
2012-05-08,4180.949219
2012-05-09,4128.9375
2012-05-10,4133.508301
2012-05-11,4114.018066
2012-05-14,4052.946533
2012-05-15,4045.523926
2012-05-16,3980.3779299999997
2012-05-21,3939.990967
2012-05-22,4020.9807130000004
2012-05-23,3981.459717
2012-05-24,3984.7548829999996
2012-05-25,3902.39209
2012-05-28,3918.568604
2012-05-29,3918.948486
2012-05-30,3917.799561
2012-05-31,3832.710205
2012-06-01,3799.6533200000003
2012-06-04,3654.473389
2012-06-05,3717.765625
2012-06-06,3841.2170409999994
2012-06-07,3840.4819340000004
2012-06-08,3825.2143549999996
2012-06-11,3866.0981450000004
2012-06-12,3852.4636229999996
2012-06-13,3860.346436
2012-06-14,3791.505371
2012-06-15,3817.9956049999996
2012-06-18,3860.040527
2012-06-19,3880.7006840000004
2012-06-20,3943.779785
2012-06-21,3901.672119
2012-06-22,3889.407471
2012-06-25,3857.4746090000003
2012-06-26,3881.2856450000004
2012-06-27,3934.750244
2012-06-28,3887.459473
2012-06-29,3955.459473
2012-07-02,3991.421631
2012-07-03,4049.772705
2012-07-04,4075.795898
2012-07-05,4069.7150880000004
2012-07-06,4055.07666
2012-07-09,3984.9267579999996
2012-07-10,4009.559082
2012-07-11,4019.013672
2012-07-12,3984.001953
2012-07-13,4019.553711
2012-07-16,4047.344971
2012-07-17,4080.551025
2012-07-18,4081.5139159999994
2012-07-19,4096.074219
2012-07-20,4081.0798340000006
2012-07-23,4009.674072
2012-07-24,3991.994629
2012-07-25,4000.7204590000006
2012-07-26,4004.656982
2012-07-27,4084.0908200000003
2012-07-30,4098.999511999999
2012-07-31,4142.213867
2012-08-01,4130.342285
2012-08-02,4092.990479
2012-08-03,4099.691406
2012-08-06,4105.377441
2012-08-07,4085.4589840000003
2012-08-08,4090.587402
2012-08-09,4131.047363000001
2012-08-10,4141.440918
2012-08-13,4102.408203
2012-08-14,4121.433594
2012-08-15,4141.862793
2012-08-16,4160.384277
2012-08-23,4162.535645
2012-08-24,4145.275879
2012-08-27,4145.754883
2012-08-28,4142.725098
2012-08-29,4093.04834
2012-08-30,4025.4636229999996
2012-08-31,4060.210449
2012-09-03,4117.825684
2012-09-04,4105.131348
2012-09-05,4075.230957
2012-09-06,4102.735352000001
2012-09-07,4143.556152
2012-09-10,4160.536621
2012-09-11,4155.232422
2012-09-12,4173.973145
2012-09-13,4170.515136999999
2012-09-14,4256.871582
2012-09-17,4255.157227000001
2012-09-18,4223.769043
2012-09-19,4244.584961
2012-09-20,4217.391113000001
2012-09-21,4244.495117
2012-09-24,4200.789063
2012-09-25,4226.76123
2012-09-26,4180.039063
2012-09-27,4224.898926
2012-09-28,4262.43457
2012-10-01,4236.166992
2012-10-02,4256.712890999999
2012-10-03,4251.385254
2012-10-04,4271.333984000001
2012-10-05,4311.186035
2012-10-08,4268.10791
2012-10-09,4280.123047
2012-10-10,4279.882813
2012-10-11,4284.839844
2012-10-12,4311.263184
2012-10-15,4313.394043
2012-10-16,4328.947754
2012-10-17,4337.397461
2012-10-18,4356.836426
2012-10-19,4331.125488000001
2012-10-22,4341.248047
2012-10-23,4330.016602000001
2012-10-24,4335.246582
2012-10-25,4339.024414
2012-10-29,4331.236816
2012-10-30,4364.46875
2012-10-31,4350.161621
2012-11-01,4335.233397999999
2012-11-02,4338.763672
2012-11-05,4302.811035
2012-11-06,4314.137207
2012-11-07,4350.294434
2012-11-08,4327.739746
2012-11-09,4333.511719
2012-11-12,4318.462402
2012-11-13,4331.955566
2012-11-14,4351.154785
2012-11-19,4313.311035
2012-11-20,4312.238281
2012-11-21,4317.148438
2012-11-22,4335.79834
2012-11-23,4348.678711
2012-11-26,4375.039063
2012-11-27,4337.380371
2012-11-28,4304.695313
2012-11-29,4318.95752
2012-11-30,4276.01416
2012-12-03,4302.316406
2012-12-04,4269.524902
2012-12-05,4286.712402
2012-12-06,4292.477539
2012-12-07,4290.668457
2012-12-10,4302.481445
2012-12-11,4317.789551
2012-12-12,4337.399414
2012-12-13,4320.060547
2012-12-14,4308.734863000001
2012-12-17,4315.728515999999
2012-12-18,4301.308594
2012-12-19,4275.731934
2012-12-20,4254.689941
2012-12-21,4250.087890999999
2012-12-26,4274.967285
2012-12-27,4281.733886999999
2012-12-28,4316.558594
2013-01-02,4346.345703
2013-01-03,4399.127441
2013-01-04,4409.88916
2013-01-07,4392.248535
2013-01-08,
2013-01-09,4362.798828
2013-01-10,4317.236816
2013-01-11,4305.78418
2013-01-14,4382.367676
2013-01-15,4400.693848
2013-01-16,4410.833008
2013-01-17,4398.252441
2013-01-18,4465.351074
2013-01-21,4439.842285
2013-01-22,4416.416504
2013-01-23,4418.595703
2013-01-25,4437.466309
2013-01-28,4416.805664
2013-01-29,4438.897949
2013-01-30,4452.843261999999
2013-01-31,4453.570801
2013-02-01,4481.500977000001
2013-02-04,4490.432129
2013-02-05,4479.308105
2013-02-06,4498.842285
2013-02-07,4503.01416
2013-02-08,4491.133301
2013-02-11,4503.113281
2013-02-12,4548.108397999999
2013-02-13,4571.432129
2013-02-14,
2013-02-15,4609.648926
2013-02-18,4611.912598
2013-02-19,4626.853027
2013-02-20,4634.313965
2013-02-21,4632.266602000001
2013-02-22,4650.984863000001
2013-02-25,4695.967285
2013-02-26,4662.892578
2013-02-27,4716.274902
2013-02-28,4795.646484000001
2013-03-01,4811.470215
2013-03-04,
2013-03-05,4751.560547
2013-03-06,4824.537109000001
2013-03-07,4848.155761999999
2013-03-08,4874.350098
2013-03-11,4854.167969
2013-03-13,4835.29541
2013-03-14,4786.225098
2013-03-15,4819.181152
2013-03-18,4802.683594
2013-03-19,4822.483886999999
2013-03-20,4831.356445
2013-03-21,4802.523438
2013-03-22,4723.019043
2013-03-25,4777.759277
2013-03-26,4842.375
2013-03-27,4927.956055
2013-03-28,4940.839355
2013-04-01,4937.428711
2013-04-02,4957.104004
2013-04-03,4981.317871
2013-04-04,4922.464844
2013-04-05,4925.921875
2013-04-08,4897.375977000001
2013-04-09,4899.441895
2013-04-10,4877.330078
2013-04-11,4924.117188
2013-04-12,4937.063477000001
2013-04-15,4894.446777
2013-04-16,
2013-04-17,4998.504395
2013-04-18,5012.489746
2013-04-19,4998.3125
2013-04-22,4996.774414
2013-04-23,4975.182617
2013-04-24,5011.458496
2013-04-25,4994.374511999999
2013-04-26,4978.359375
2013-04-29,4999.603515999999
2013-04-30,5033.921386999999
2013-05-01,5060.768555
2013-05-02,4993.897461
2013-05-03,4925.336914
2013-05-06,4991.722656
2013-05-07,5042.639647999999
2013-05-08,5089.184082
2013-05-10,5105.785156
2013-05-13,5054.477539
2013-05-14,5081.789063
2013-05-15,5089.729004
2013-05-16,5078.527344
2013-05-17,5145.530272999999
2013-05-20,5214.821289
2013-05-21,5188.60498
2013-05-22,5207.844238000001
2013-05-23,5121.250977000001
2013-05-24,5154.939941
2013-05-27,5084.985352000001
2013-05-28,5176.081055
2013-05-29,5200.538574
2013-05-30,5129.494629
2013-05-31,5068.477539
2013-06-03,4971.206543
2013-06-04,5021.462402
2013-06-05,5001.072754
2013-06-07,4865.180176
2013-06-10,4777.223633
2013-06-11,4609.811035
2013-06-12,4697.744140999999
2013-06-13,4607.526367
2013-06-14,4760.602539
2013-06-17,4774.362305
2013-06-18,4840.308594
2013-06-19,4806.513184
2013-06-20,4629.856934
2013-06-21,4515.238281
2013-06-24,4429.328613000001
2013-06-25,4418.740723
2013-06-26,4587.591797
2013-06-27,4675.610352000001
2013-06-28,4818.751953
2013-07-01,4777.310547
2013-07-02,4728.563477000001
2013-07-03,4577.01709
2013-07-04,4581.796875
2013-07-05,4602.670897999999
2013-07-08,4433.493164
2013-07-09,4403.668945
2013-07-10,4478.51123
2013-07-11,
2013-07-12,4632.970703
2013-07-15,4635.591797
2013-07-16,4643.900879
2013-07-17,4678.861816
2013-07-18,4720.294922
2013-07-19,4724.270996
2013-07-22,4678.84375
2013-07-23,4767.017578
2013-07-24,4717.962890999999
2013-07-25,4673.978515999999
2013-07-26,4658.73584
2013-07-29,4580.330566
2013-07-30,4608.351563
2013-07-31,4610.239746
2013-08-01,4624.19873
2013-08-02,4640.643066
2013-08-12,4597.643555
2013-08-13,4652.258789
2013-08-14,4699.593261999999
2013-08-15,4684.989746
2013-08-16,4568.518066
2013-08-19,4313.390136999999
2013-08-20,4174.858886999999
2013-08-21,4218.323242
2013-08-22,4171.289063
2013-08-23,4169.703125
2013-08-26,4120.546386999999
2013-08-27,3967.724365
2013-08-28,4026.3557130000004
2013-08-29,4103.471191
2013-08-30,4194.964355
2013-09-02,4101.111328
2013-09-03,4163.888672
2013-09-04,4073.334229
2013-09-05,4050.743652
2013-09-06,4072.233154
2013-09-09,4191.133301
2013-09-10,4358.013672
2013-09-11,4349.289551
2013-09-12,4356.475586
2013-09-13,4375.40918
2013-09-16,4522.104492
2013-09-17,4517.486328
2013-09-18,4463.121094
2013-09-19,4670.594238000001
2013-09-20,4583.691895
2013-09-23,4562.72168
2013-09-24,4460.280761999999
2013-09-25,4406.63623
2013-09-26,4405.762207
2013-09-27,4423.587890999999
2013-09-30,4316.047363000001
2013-10-01,4345.769531
2013-10-02,4387.473633
2013-10-03,4418.511719
2013-10-04,4389.216797
2013-10-07,4374.829102000001
2013-10-08,4432.375
2013-10-09,4457.305664
2013-10-10,4486.54541
2013-10-11,4519.77832
2013-10-16,4492.127441
2013-10-17,4518.796386999999
2013-10-18,4546.436035
2013-10-21,4578.04248
2013-10-22,4512.609375
2013-10-23,4546.364258
2013-10-24,4594.708984000001
2013-10-25,4580.709961
2013-10-28,4590.401855
2013-10-29,4562.634765999999
2013-10-30,4574.742188
2013-10-31,4510.49707
2013-11-01,4432.457031
2013-11-04,4423.156738000001
2013-11-06,4449.62793
2013-11-07,4485.976074
2013-11-08,4476.587402
2013-11-11,4441.592285
2013-11-12,4380.509765999999
2013-11-13,4301.763672
2013-11-14,4367.241699
2013-11-15,4335.319824
2013-11-18,4393.461426
2013-11-19,4398.205566
2013-11-20,4350.656738000001
2013-11-21,4326.07666
2013-11-22,4317.831543
2013-11-25,4334.674805
2013-11-26,4235.135254
2013-11-27,4251.362793
2013-11-28,4233.798828
2013-11-29,4256.310059
2013-12-02,4321.848633
2013-12-03,4288.636719
2013-12-04,4241.175781
2013-12-05,4216.769043
2013-12-06,4180.664063
2013-12-09,4214.216797
2013-12-10,4275.55127
2013-12-11,4271.616211
2013-12-12,4212.092772999999
2013-12-13,4174.706055
2013-12-16,4125.833496
2013-12-17,4182.222168
2013-12-18,4196.157715
2013-12-19,4231.854004
2013-12-20,4195.431640999999
2013-12-23,4189.483886999999
2013-12-24,4202.708984000001
2013-12-27,4212.85498
2013-12-30,4274.049805
2014-01-02,4327.136719
2014-01-03,4257.536621
2014-01-06,4202.684082
2014-01-07,4175.682129
2014-01-08,4200.467772999999
2014-01-09,4201.092772999999
2014-01-10,4254.845215
2014-01-13,4390.640625
2014-01-15,4441.462402
2014-01-16,4412.35791
2014-01-17,4412.097168
2014-01-20,4431.44043
2014-01-21,4452.367188
2014-01-22,4477.355957
2014-01-23,4495.908203
2014-01-24,4437.210938
2014-01-27,4322.651367
2014-01-28,4341.521973
2014-01-29,4417.217772999999
2014-01-30,4418.625488000001
2014-02-03,4386.128418
2014-02-04,4352.126465
2014-02-05,4384.179688
2014-02-06,4424.577636999999
2014-02-07,4466.532227000001
2014-02-10,4450.616211
2014-02-11,4470.057129
2014-02-12,4496.152344
2014-02-13,4491.526367
2014-02-14,4507.910156
2014-02-17,4555.23291
2014-02-18,4556.055664
2014-02-19,4592.514647999999
2014-02-20,4598.084961
2014-02-21,4646.014647999999
2014-02-24,4623.437011999999
2014-02-25,4577.155272999999
2014-02-26,4532.585449
2014-02-27,4568.804199
2014-02-28,4620.078613000001
2014-03-03,4584.068848
2014-03-04,4601.147949
2014-03-05,4659.033691
2014-03-06,4687.717772999999
2014-03-07,4685.750977000001
2014-03-10,4677.107422
2014-03-11,4704.074219
2014-03-12,4684.245605
2014-03-13,4726.026367
2014-03-14,4878.498047
2014-03-17,4876.042969
2014-03-18,4805.469238000001
2014-03-19,4821.313965
2014-03-20,4698.833496
2014-03-21,4700.075195
2014-03-24,4720.279785
2014-03-25,4702.951172
2014-03-26,4728.099609000001
2014-03-27,4722.916992
2014-03-28,4768.135254
2014-04-01,4873.789063
2014-04-02,4870.060547
2014-04-03,4891.174805
2014-04-04,4857.799805
2014-04-07,4920.893066
2014-04-08,4921.257813
2014-04-09,4921.257813
2014-04-10,4765.587402
2014-04-11,4816.433105
2014-04-14,4864.739746
2014-04-15,4870.070313
2014-04-16,4872.866211
2014-04-17,4896.906738000001
2014-04-21,4892.143066
2014-04-22,4898.061035
2014-04-23,4893.00293
2014-04-24,4890.934082
2014-04-25,4897.498047
2014-04-28,4818.614746
2014-04-29,4819.538086
2014-04-30,4840.002441
2014-05-02,4838.616211
2014-05-05,4842.358886999999
2014-05-06,4834.324219
2014-05-07,4861.924805
2014-05-08,4860.745117
2014-05-09,4897.993164
2014-05-12,4912.852051
2014-05-13,4921.248047
2014-05-14,4991.487793
2014-05-16,5031.421386999999
2014-05-19,5014.847656
2014-05-20,4895.810059
2014-05-21,4910.145996
2014-05-22,4969.734375
2014-05-23,4972.909668
2014-05-26,4963.777344
2014-05-28,4985.430176
2014-05-30,4893.763184
2014-06-02,4911.944824
2014-06-03,4942.010254
2014-06-04,4932.41748
2014-06-05,4935.41748
2014-06-06,4937.029297
2014-06-09,4884.937988000001
2014-06-10,4945.942871
2014-06-11,4971.79834
2014-06-12,4934.260742
2014-06-13,4926.51709
2014-06-16,4885.313965
2014-06-17,4909.371094
2014-06-18,4887.714844
2014-06-19,4864.128906
2014-06-20,4847.557129
2014-06-23,4841.984863000001
2014-06-24,4862.096191
2014-06-25,4838.838379
2014-06-26,4872.274902
2014-06-27,4844.989746
2014-06-30,4878.437011999999
2014-07-01,4884.680176
2014-07-02,4908.12793
2014-07-03,4888.589844
2014-07-04,4905.679199
2014-07-07,4988.882324
2014-07-08,5024.5625
2014-07-09,
2014-07-10,5097.858397999999
2014-07-11,5032.449707
2014-07-14,5020.913574
2014-07-15,5070.67041
2014-07-16,5113.77832
2014-07-17,5071.051758
2014-07-18,5086.863281
2014-07-21,5126.971191
2014-07-22,5083.370117
2014-07-23,5093.078613000001
2014-07-24,5098.489746
2014-07-25,5088.650879
2014-08-04,5119.093261999999
2014-08-05,5108.935059
2014-08-06,5058.07666
2014-08-07,5066.827636999999
2014-08-08,5053.609863000001
2014-08-11,5113.083984000001
2014-08-12,5132.242676
2014-08-13,5168.115234000001
2014-08-14,5155.394043
2014-08-15,5148.809082
2014-08-18,5156.598145
2014-08-19,5165.014647999999
2014-08-20,5190.013184
2014-08-21,5205.981445
2014-08-22,5198.741699
2014-08-25,5184.802246
2014-08-26,5146.398926
2014-08-27,5165.09375
2014-08-28,5184.325195
2014-08-29,5136.709961
2014-09-01,5177.464355
2014-09-02,5201.431640999999
2014-09-03,5223.979492
2014-09-04,5205.166992
2014-09-05,5217.180176
2014-09-08,5246.327147999999
2014-09-09,5196.964844
2014-09-10,5142.838379
2014-09-11,5132.880859000001
2014-09-12,5143.558105
2014-09-15,5144.745117
2014-09-16,5130.350586
2014-09-17,5188.030272999999
2014-09-18,5207.987305
2014-09-19,5227.426758
2014-09-22,5219.648438
2014-09-23,5187.959961
2014-09-24,5173.853027
2014-09-25,5201.224609000001
2014-09-26,5132.410645
2014-09-29,5141.858397999999
2014-09-30,5137.42627
2014-10-01,5140.760254
2014-10-02,5000.660645
2014-10-03,4949.199219
2014-10-06,4999.989746
2014-10-07,5032.691406
2014-10-08,4958.37207
2014-10-09,4993.730469
2014-10-10,4962.8125
2014-10-13,4912.907227000001
2014-10-14,4922.436035
2014-10-15,4962.79248
2014-10-16,4951.466797
2014-10-17,5028.796386999999
2014-10-20,5040.382813
2014-10-21,5029.194824
2014-10-22,5074.172852000001
2014-10-23,5103.366699
2014-10-24,5072.91748
2014-10-27,5024.142578
2014-10-28,5001.155761999999
2014-10-29,5073.905761999999
2014-10-30,5058.69873
2014-10-31,5089.395996
2014-11-03,5085.35791
2014-11-04,5070.789551
2014-11-05,5066.681640999999
2014-11-06,5034.081543
2014-11-07,4987.275879
2014-11-10,4965.239746
2014-11-11,5032.134765999999
2014-11-12,5048.690918
2014-11-13,5048.518066
2014-11-14,5049.337890999999
2014-11-17,5053.792969
2014-11-18,5102.317871
2014-11-19,5127.78125
2014-11-20,5093.414551
2014-11-21,5111.893066
2014-11-24,5141.611328
2014-11-25,5118.792969
2014-11-26,5132.883789
2014-11-27,5145.162109000001
2014-11-28,5149.735352000001
2014-12-01,5164.134765999999
2014-12-02,5175.63916
2014-12-03,5165.890625
2014-12-04,5177.006348
2014-12-05,5187.840332
2014-12-08,5143.861328
2014-12-09,5122.160156
2014-12-10,5165.253906
2014-12-11,5152.541992
2014-12-12,5160.280272999999
2014-12-15,5108.280272999999
2014-12-16,5025.878418
2014-12-17,5035.499511999999
2014-12-18,5113.193359000001
2014-12-19,5144.468261999999
2014-12-22,5125.620117
2014-12-23,5138.915039
2014-12-24,5166.82959
2014-12-29,5178.219238000001
2014-12-30,5226.791504
2015-01-02,5242.613281
2015-01-05,5219.840332
2015-01-06,5168.90625
2015-01-07,5206.963379
2015-01-08,5211.67334
2015-01-09,5216.510254
2015-01-12,5187.779297
2015-01-13,5214.204102000001
2015-01-14,5159.515136999999
2015-01-15,5188.558105
2015-01-16,5148.226074
2015-01-19,5151.939941
2015-01-20,5165.936522999999
2015-01-21,5215.111328
2015-01-22,5253.026855
2015-01-23,5323.726563
2015-01-26,5259.867676
2015-01-27,5276.992676
2015-01-28,5268.695801
2015-01-29,5262.561522999999
2015-01-30,5289.246582
2015-02-02,5276.07959
2015-02-03,5291.560547
2015-02-04,5315.126465
2015-02-05,5279.738281
2015-02-06,5342.356445
2015-02-09,5348.311522999999
2015-02-10,5321.315918
2015-02-11,5336.36084
2015-02-12,5343.252441
2015-02-13,5374.005371
2015-02-16,5325.336914
2015-02-17,5337.342772999999
2015-02-18,5390.289551
2015-02-20,5399.943359000001
2015-02-23,5403.116211
2015-02-24,5417.15332
2015-02-25,5444.946289
2015-02-26,5454.634277
2015-02-27,5450.132324
2015-03-02,5477.668457
2015-03-03,5474.456543
2015-03-04,5447.897461
2015-03-05,5450.785156
2015-03-06,5514.623535
2015-03-09,5444.472168
2015-03-10,5462.766113000001
2015-03-11,5419.405272999999
2015-03-12,5439.67041
2015-03-13,5426.305176
2015-03-16,5435.109375
2015-03-17,5438.991211
2015-03-18,5412.990234000001
2015-03-19,5453.692383
2015-03-20,5442.90332
2015-03-23,5436.936522999999
2015-03-24,5447.486328
2015-03-25,5405.328125
2015-03-26,5368.640136999999
2015-03-27,5396.693848
2015-03-30,5438.494140999999
2015-03-31,5518.510742
2015-04-01,5466.705078
2015-04-02,5456.237305
2015-04-06,5479.868164
2015-04-07,5523.125977000001
2015-04-08,5486.420897999999
2015-04-09,5500.736816
2015-04-10,5491.176758
2015-04-13,5447.247559
2015-04-14,5418.946289
2015-04-15,5414.38623
2015-04-16,5420.572265999999
2015-04-17,5410.483397999999
2015-04-20,5400.642578
2015-04-21,5460.411133
2015-04-22,5436.95752
2015-04-23,5436.047363000001
2015-04-24,5435.193359000001
2015-04-27,5245.290039
2015-04-28,5242.001953
2015-04-29,5105.411133
2015-04-30,5086.273926
2015-05-04,5140.984375
2015-05-05,5160.155272999999
2015-05-06,5184.796386999999
2015-05-07,5150.333008
2015-05-08,5182.059082
2015-05-11,5172.328125
2015-05-12,5205.457031
2015-05-13,5245.977051
2015-05-15,5226.940918
2015-05-18,5237.655761999999
2015-05-19,5269.214844
2015-05-20,5292.591797
2015-05-21,5313.050293
2015-05-22,5314.995117
2015-05-25,5288.20459
2015-05-26,5320.742676
2015-05-27,5253.231934
2015-05-28,5237.245605
2015-05-29,5216.224121
2015-06-01,5213.661133
2015-06-03,5130.34668
2015-06-04,5095.669434
2015-06-05,5100.42041
2015-06-08,5014.84375
2015-06-09,4899.736816
2015-06-10,4933.410645
2015-06-11,4928.666015999999
2015-06-12,4935.67041
2015-06-15,4837.650390999999
2015-06-16,4872.454102000001
2015-06-17,4945.605957
2015-06-18,4945.352051
2015-06-19,4984.85791
2015-06-22,4959.104492
2015-06-23,4937.501465
2015-06-24,4953.369140999999
2015-06-25,4919.895996
2015-06-26,4922.858886999999
2015-06-29,4882.433105
2015-06-30,4910.512207
2015-07-01,4903.916992
2015-07-02,4944.633789
2015-07-03,4982.762207
2015-07-06,4916.595215
2015-07-07,4905.903809
2015-07-08,4871.425781
2015-07-09,4838.140625
2015-07-10,4858.890136999999
2015-07-13,4893.771973
2015-07-14,4901.661621
2015-07-15,4869.70459
2015-07-22,4906.542969
2015-07-23,4902.699707
2015-07-24,4856.451172
2015-07-27,4771.143555
2015-07-28,4714.616211
2015-07-29,4720.980957
2015-07-30,4712.352539
2015-07-31,4802.38623
2015-08-03,4800.039551
2015-08-04,4780.945313
2015-08-05,4850.388184
2015-08-06,4806.421386999999
2015-08-07,4770.161621
2015-08-10,4748.808594
2015-08-11,4622.453613000001
2015-08-12,4479.358397999999
2015-08-13,4584.11377
2015-08-14,4585.254883
2015-08-18,4510.344238000001
2015-08-19,4484.109375
2015-08-20,4441.779297
2015-08-21,4335.824707
2015-08-24,4163.605469
2015-08-25,4228.375
2015-08-26,4237.606934
2015-08-27,4430.500488000001
2015-08-28,4446.069336
2015-08-31,4509.473145
2015-09-01,4412.328125
2015-09-02,4401.162598
2015-09-03,4432.979004
2015-09-04,4415.211914
2015-09-07,4301.237793
2015-09-08,4318.462402
2015-09-09,4347.147461
2015-09-10,4343.132324
2015-09-11,4360.338379
2015-09-14,4390.242676
2015-09-15,4347.030761999999
2015-09-16,4332.384765999999
2015-09-17,4378.254395
2015-09-18,4380.189453
2015-09-21,4375.952147999999
2015-09-22,4343.915039
2015-09-23,4244.300781
2015-09-25,4209.313965
2015-09-28,4120.380371
2015-09-29,4178.28418
2015-09-30,4223.783203
2015-10-01,4254.75
2015-10-02,4207.673828
2015-10-05,4343.572265999999
2015-10-06,4445.648926
2015-10-07,4486.999022999999
2015-10-08,4491.299316
2015-10-09,4589.208008
2015-10-12,4630.569824
2015-10-13,4482.943359000001
2015-10-15,4507.061035
2015-10-16,4521.747559
2015-10-19,4569.708496
2015-10-20,4585.687988000001
2015-10-21,4605.089355
2015-10-22,4584.425781
2015-10-23,4653.007813
2015-10-26,4691.571777
2015-10-27,4673.919434
2015-10-28,4608.603027
2015-10-29,4471.888184
2015-10-30,4455.047852000001
2015-11-02,4464.826172
2015-11-03,4532.951172
2015-11-04,4612.427734000001
2015-11-05,4577.097168
2015-11-06,4566.416015999999
2015-11-09,4499.373047
2015-11-10,4450.921386999999
2015-11-11,4451.457031
2015-11-12,4462.092285
2015-11-13,4472.705078
2015-11-16,4442.04834
2015-11-17,4500.812988000001
2015-11-18,4497.776367
2015-11-19,4518.806152
2015-11-20,4561.19873
2015-11-23,4540.931152
2015-11-24,4545.243164
2015-11-25,4585.409668
2015-11-26,4596.920897999999
2015-11-27,4560.424805
2015-11-30,4446.326172
2015-12-01,4557.532715
2015-12-02,4545.728027
2015-12-03,4537.24707
2015-12-04,4508.318359000001
2015-12-07,4521.257813
2015-12-08,4464.049316
2015-12-09,
2015-12-10,4466.077147999999
2015-12-11,4393.391602000001
2015-12-14,4374.061035
2015-12-15,4409.041015999999
2015-12-16,4483.320313
2015-12-17,4555.828613000001
2015-12-18,4468.520996
2015-12-21,4490.546875
2015-12-22,4517.434082
2015-12-23,4522.519531
2015-12-28,4557.219727000001
2015-12-29,4569.225098
2015-12-30,4592.871582
2016-01-04,4525.784668
2016-01-05,4557.686522999999
2016-01-06,4608.844727000001
2016-01-07,4530.313477000001
2016-01-08,4546.15332
2016-01-11,4465.350098
2016-01-12,4512.393066
2016-01-13,4537.044434
2016-01-14,4513.047363000001
2016-01-15,4523.841797
2016-01-18,4481.143066
2016-01-19,4491.603027
2016-01-20,4427.853515999999
2016-01-21,4413.995117
2016-01-22,4456.611816
2016-01-25,4505.654297
2016-01-26,4510.333984000001
2016-01-27,4583.491699
2016-01-28,4602.692871
2016-01-29,4615.025879
2016-02-01,4624.497559
2016-02-02,4587.298828
2016-02-03,4595.97168
2016-02-04,4665.678711
2016-02-05,4798.803223
2016-02-09,4768.483397999999
2016-02-10,4732.342285
2016-02-11,4775.718261999999
2016-02-12,4714.253418
2016-02-15,4740.585449
2016-02-16,4744.863281
2016-02-17,4765.365234000001
2016-02-18,4778.652344
2016-02-19,4697.42041
2016-02-22,4708.480469
2016-02-23,4653.916015999999
2016-02-24,4657.583984000001
2016-02-25,4658.185059
2016-02-26,4733.008301
2016-02-29,4770.814453
2016-03-01,4779.843261999999
2016-03-02,4836.052246
2016-03-03,4843.89502
2016-03-04,4850.73877
2016-03-07,4831.431640999999
2016-03-08,4810.899414
2016-03-10,4793.060547
2016-03-11,4813.635742
2016-03-14,4877.385742
2016-03-15,4849.636719
2016-03-16,4861.296875
2016-03-17,4885.542969
2016-03-18,4885.562988000001
2016-03-21,4885.018066
2016-03-22,4855.962890999999
2016-03-23,4854.031738000001
2016-03-24,4826.943848
2016-03-28,4773.484375
2016-03-29,4781.155272999999
2016-03-30,4816.511719
2016-03-31,4845.227051
2016-04-01,4843.041992
2016-04-04,4850.031738000001
2016-04-05,4857.927734000001
2016-04-06,4868.085449
2016-04-07,4867.140625
2016-04-08,4846.560059
2016-04-11,4786.832031
2016-04-12,4829.429688
2016-04-13,4852.86084
2016-04-14,4814.703125
2016-04-15,4823.424805
2016-04-18,4865.390136999999
2016-04-19,4881.785156
2016-04-20,4876.451172
2016-04-21,4902.944336
2016-04-22,4914.59082
2016-04-25,4878.716797
2016-04-26,4813.949707
2016-04-27,4845.51416
2016-04-28,4848.246094
2016-04-29,4838.439453
2016-05-02,4808.17627
2016-05-03,4812.121582
2016-05-04,4822.452147999999
2016-05-09,4749.174316
2016-05-10,4762.973633
2016-05-11,4799.821289
2016-05-12,4803.179199
2016-05-13,4761.573242
2016-05-16,4731.421386999999
2016-05-17,4729.015136999999
2016-05-18,4734.216309
2016-05-19,4704.077147999999
2016-05-20,4711.738281
2016-05-23,4743.521484000001
2016-05-24,4710.645508
2016-05-25,4772.835449
2016-05-26,4784.422852000001
2016-05-27,4814.587890999999
2016-05-30,4835.889647999999
2016-05-31,4796.726563
2016-06-01,4839.524414
2016-06-02,4833.081543
2016-06-03,4853.777832
2016-06-06,4895.879883
2016-06-07,4933.842285
2016-06-08,4915.915039
2016-06-09,4876.648926
2016-06-10,4847.912109000001
2016-06-13,4807.083496
2016-06-14,4821.446777
2016-06-15,4814.681152
2016-06-16,4814.248047
2016-06-17,4834.999511999999
2016-06-20,4863.386719
2016-06-21,4878.568848
2016-06-22,4896.707031
2016-06-23,4874.164063
2016-06-24,4834.425293
2016-06-27,4835.908203
2016-06-28,4882.025879
2016-06-29,4979.957031
2016-06-30,5016.498535
2016-07-01,4971.433594
2016-07-11,5068.868652
2016-07-12,5099.381836
2016-07-13,5133.780761999999
2016-07-14,5083.388184
2016-07-15,5110.026367
2016-07-18,5127.349121
2016-07-19,5172.67627
2016-07-20,5242.66748
2016-07-21,5216.818359000001
2016-07-22,5197.09668
2016-07-25,5220.646973
2016-07-26,5224.239746
2016-07-27,5274.20459
2016-07-28,5299.055664
2016-07-29,5215.839355
2016-08-01,5361.416992
2016-08-02,5373.163574
2016-08-03,5351.719238000001
2016-08-04,5373.703125
2016-08-05,5420.085449
2016-08-08,5458.816895
2016-08-09,5440.131348
2016-08-10,5423.788574
2016-08-11,5418.927246
2016-08-12,5377.036133
2016-08-15,5320.402832
2016-08-16,5371.686522999999
2016-08-18,5461.288086
2016-08-19,5415.874511999999
2016-08-22,5427.01416
2016-08-23,5416.979492
2016-08-24,5403.831543
2016-08-25,5453.95459
2016-08-26,5438.669434
2016-08-29,5370.604492
2016-08-30,5362.156738000001
2016-08-31,5385.922363000001
2016-09-01,5334.388672
2016-09-02,5353.302246
2016-09-05,5356.794922
2016-09-06,5371.936522999999
2016-09-07,5381.194336
2016-09-08,5370.918457
2016-09-09,5281.759765999999
2016-09-13,5215.412109000001
2016-09-14,5145.885254
2016-09-15,5265.662598
2016-09-16,5267.612793
2016-09-19,5321.682617
2016-09-20,5302.335938
2016-09-21,5342.433105
2016-09-22,5380.102539
2016-09-23,5388.748535
2016-09-26,5351.980469
2016-09-27,5419.443359000001
2016-09-28,5425.17627
2016-09-29,5431.79541
2016-09-30,5364.64502
2016-10-03,5463.75293
2016-10-04,5472.154297
2016-10-05,5420.487305
2016-10-06,5409.183594
2016-10-07,5376.989258
2016-10-10,5360.668945
2016-10-11,5381.837402
2016-10-12,5364.45166
2016-10-13,5340.241211
2016-10-14,5399.724121
2016-10-17,5410.142578
2016-10-18,5429.886719
2016-10-19,5409.127441
2016-10-20,5403.529297
2016-10-21,5409.08252
2016-10-24,5420.837402
2016-10-25,5397.660645
2016-10-26,5399.588867
2016-10-27,5416.835938
2016-10-28,5410.269043
2016-10-31,5422.541992
2016-11-01,5416.006836
2016-11-02,5405.455078
2016-11-03,5329.501953
2016-11-04,5362.660156
2016-11-07,5386.208008
2016-11-08,5470.681152
2016-11-09,5414.320801
2016-11-10,5450.306152
2016-11-11,5231.971191
2016-11-14,5115.73877
2016-11-15,5078.500977000001
2016-11-16,5185.464844
2016-11-17,5193.015136999999
2016-11-18,5170.108886999999
2016-11-21,5148.318848
2016-11-22,5204.673828
2016-11-23,5211.996094
2016-11-24,5107.623047
2016-11-25,5122.104004
2016-11-28,5114.571777
2016-11-29,5136.666992
2016-11-30,5148.910156
2016-12-01,5198.754883
2016-12-02,5245.956055
2016-12-05,5268.308105
2016-12-06,5272.964844
2016-12-07,5265.368164
2016-12-08,5303.733886999999
2016-12-09,5308.125977000001
2016-12-13,5293.619140999999
2016-12-14,5262.816895
2016-12-15,5254.361816
2016-12-16,5231.651855
2016-12-19,5191.912109000001
2016-12-20,5162.477051
2016-12-21,5111.39209
2016-12-22,5042.870117
2016-12-23,5027.704102000001
2016-12-27,5102.954102000001
2016-12-28,5209.444824
2016-12-29,5302.565918
2016-12-30,5296.710938
2017-01-02,
2017-01-03,5275.971191
2017-01-04,5301.183105
2017-01-05,5325.503906
2017-01-06,5347.021973
2017-01-09,5316.36377
2017-01-10,5309.923828
2017-01-11,5301.236816
2017-01-12,5292.75
2017-01-13,5272.98291
2017-01-16,5270.01123
2017-01-17,5266.937988000001
2017-01-18,5294.78418
2017-01-19,5298.948242
2017-01-20,5254.311035
2017-01-23,5250.967772999999
2017-01-24,5292.087890999999
2017-01-25,5293.782227000001
2017-01-26,5317.632813
2017-01-27,5312.839844
2017-01-30,5302.662109000001
2017-01-31,5294.103027
2017-02-01,5327.161133
2017-02-02,5353.712890999999
2017-02-03,5360.76709
2017-02-06,5395.995117
2017-02-07,5381.475098
2017-02-08,5361.087890999999
2017-02-09,5372.077147999999
2017-02-10,5371.668945
2017-02-13,5409.556152
2017-02-14,5380.669922
2017-02-15,
2017-02-16,5377.998047
2017-02-17,5350.932129
2017-02-20,5359.288086
2017-02-21,5340.990234000001
2017-02-22,5358.683105
2017-02-23,5372.748047
2017-02-24,5385.905761999999
2017-02-27,5382.874022999999
2017-02-28,5386.691895
2017-03-01,5363.056152
2017-03-02,5408.253906
2017-03-03,5391.214844
2017-03-06,5409.816895
2017-03-07,5402.615234000001
2017-03-08,5393.76416
2017-03-09,5402.38623
2017-03-10,5390.676758
2017-03-13,5409.37207
2017-03-14,5431.584961
2017-03-15,5432.380859000001
2017-03-16,5518.241211
2017-03-17,5540.432129
2017-03-20,5533.992188
2017-03-21,5543.092772999999
2017-03-22,5534.092772999999
2017-03-23,5563.758789
2017-03-24,5567.133789
2017-03-27,5541.202147999999
2017-03-29,5592.509765999999
2017-03-30,5592.952147999999
2017-03-31,5568.105957
2017-04-03,5606.789063
2017-04-04,5651.823242
2017-04-05,5676.97998
2017-04-06,5680.23877
2017-04-07,5653.48584
2017-04-10,5644.298828
2017-04-11,5627.933105
2017-04-12,5644.154785
2017-04-13,5616.544922
2017-04-17,5577.486816
2017-04-18,5606.51709
2017-04-19,
2017-04-20,5595.306152
2017-04-21,5664.475098
2017-04-25,5680.795897999999
2017-04-26,5726.529785
2017-04-27,5707.027832
2017-04-28,5685.297852000001
2017-05-02,5675.808105
2017-05-03,5647.368164
2017-05-04,5669.442871
2017-05-05,5683.376953
2017-05-08,5707.861816
2017-05-09,5697.056152
2017-05-10,5653.007813
2017-05-12,5675.21582
2017-05-15,5688.870117
2017-05-16,5646.999022999999
2017-05-17,5615.492188
2017-05-18,5645.451172
2017-05-19,5791.883789
2017-05-22,5749.444824
2017-05-23,5730.612793
2017-05-24,5703.433105
2017-05-26,5716.814941
2017-05-29,5712.331055
2017-05-30,5693.391113000001
2017-05-31,5738.154785
2017-06-01,
2017-06-02,5742.445801
2017-06-05,5748.234863000001
2017-06-06,5707.831055
2017-06-07,5717.325195
2017-06-08,5702.921875
2017-06-09,5675.522949
2017-06-12,5691.436035
2017-06-13,5707.64502
2017-06-14,5792.896973
2017-06-15,5776.283203
2017-06-16,5723.63623
2017-06-19,5741.90918
2017-06-20,5791.903809
2017-06-21,5818.551758
2017-06-22,5829.708008
2017-06-23,
2017-06-26,
2017-06-27,
2017-06-28,
2017-06-29,
2017-06-30,
2017-07-03,5910.236816
2017-07-04,5865.36377
2017-07-05,5825.054199
2017-07-06,5849.575195
2017-07-07,5814.792969
2017-07-10,5771.505859000001
2017-07-11,5773.326172
2017-07-12,5819.131836
2017-07-13,5830.043945
2017-07-14,5831.794922
2017-07-17,5841.279785
2017-07-18,5822.352051
2017-07-19,5806.689941
2017-07-20,5825.208008
2017-07-21,5765.423828
2017-07-24,5801.586914
2017-07-25,5813.535156
2017-07-26,5800.206055
2017-07-27,5819.744140999999
2017-07-28,5831.026855
2017-07-31,5840.938965
2017-08-01,5805.205078
2017-08-02,5824.249022999999
2017-08-03,5780.576172
2017-08-04,5777.481934
2017-08-07,5749.291992
2017-08-08,5810.562988000001
2017-08-09,5824.006836
2017-08-10,5825.945801
2017-08-11,5766.138184
2017-08-14,5801.487793
2017-08-15,5835.041015999999
2017-08-16,5891.949219
2017-08-17,
2017-08-18,5893.84082
2017-08-21,5861.003906
2017-08-22,5880.296875
2017-08-23,5914.023926
2017-08-24,5894.117188
2017-08-25,5915.362793
2017-08-28,5903.34082
2017-08-29,5888.211914
2017-08-30,5872.505859000001
2017-08-31,5864.059082
2017-09-01,
2017-09-04,5813.741211
2017-09-05,5829.979004
2017-09-06,5824.138184
2017-09-07,5832.311035
2017-09-08,5857.119140999999
2017-09-11,5871.880859000001
2017-09-12,5872.376953
2017-09-13,5845.733886999999
2017-09-14,5852.001953
2017-09-15,5872.39209
2017-09-18,5884.61084
2017-09-19,5901.326172
2017-09-20,5906.573242
2017-09-21,
2017-09-22,5911.708008
2017-09-25,5894.611816
2017-09-26,5863.961914
2017-09-27,5863.026855
2017-09-28,5841.046875
2017-09-29,5900.854004
2017-10-02,5914.029785
2017-10-03,5939.453125
2017-10-04,5951.475098
2017-10-05,5901.905761999999
2017-10-06,5905.37793
2017-10-09,5914.933105
2017-10-10,5905.762207
2017-10-11,5882.787109000001
2017-10-12,5926.204102000001
2017-10-13,5924.124022999999
2017-10-16,5949.701172
2017-10-17,5947.330078
2017-10-18,5929.201172
2017-10-19,5910.529785
2017-10-20,5929.548828
2017-10-23,5950.025879
2017-10-24,5952.076172
2017-10-25,6025.434082
2017-10-26,5995.847168
2017-10-27,5975.280761999999
2017-10-30,5974.077147999999
2017-10-31,6005.78418
2017-11-01,6038.145996
2017-11-02,6031.106934
2017-11-03,6039.541015999999
2017-11-06,6050.823242
2017-11-07,6060.453125
2017-11-08,6049.383789
2017-11-09,6042.459961
2017-11-10,6021.828125
2017-11-13,6021.456055
2017-11-14,5988.291992
2017-11-15,5972.311035
2017-11-16,6037.907227000001
2017-11-17,6051.731934
2017-11-20,6053.282227000001
2017-11-21,6031.861816
2017-11-22,6069.785156
2017-11-23,6063.245117
2017-11-24,6067.14209
2017-11-27,6064.588867
2017-11-28,6070.71582
2017-11-29,6061.367188
2017-11-30,5952.138184
2017-12-01,5952.138184
2017-12-04,5998.194824
2017-12-05,6000.474121
2017-12-06,6035.507813
2017-12-07,6006.834961
2017-12-08,6030.958008
2017-12-11,6026.632813
2017-12-12,6032.371094
2017-12-13,6054.604004
2017-12-14,6113.652832
2017-12-15,6119.418945
2017-12-18,6133.962890999999
2017-12-19,6167.666015999999
2017-12-20,6109.481934
2017-12-21,6183.391113000001
2017-12-22,6221.013184
2017-12-25,
2017-12-26,
2017-12-27,6277.165039
2017-12-28,6314.045897999999
2017-12-29,6355.653809
2018-01-01,
2018-01-02,6339.237793
2018-01-03,6251.479004
2018-01-04,6292.320801
2018-01-05,6353.737793
2018-01-08,6385.403809
2018-01-09,6373.144043
2018-01-10,6371.173828
2018-01-11,6386.338867
2018-01-12,6370.064941
2018-01-15,6382.194824
2018-01-16,6429.691895
2018-01-17,6444.518066
2018-01-18,6472.666015999999
2018-01-19,6490.895996
2018-01-22,6500.528809
2018-01-23,6635.333984000001
2018-01-24,6615.492188
2018-01-25,6615.328125
2018-01-26,6660.618164
2018-01-29,6680.619140999999
2018-01-30,6575.492188
2018-01-31,6605.630859000001
2018-02-01,6598.458984000001
2018-02-02,6628.819824
2018-02-05,6589.674805
2018-02-06,6478.542969
2018-02-07,6534.869140999999
2018-02-08,6544.633789
2018-02-09,6505.522949
2018-02-12,6523.454102000001
2018-02-13,6578.178223
2018-02-14,6594.400879
2018-02-15,6591.582031
2018-02-16,
2018-02-19,6689.287109000001
2018-02-20,6662.875977000001
2018-02-21,6643.399902
2018-02-22,6593.060059
2018-02-23,6619.804199
2018-02-26,6554.672852000001
2018-02-27,6598.925781
2018-02-28,6597.217772999999
2018-03-01,6606.053223
2018-03-02,6582.315918
2018-03-05,6550.592772999999
2018-03-06,6500.11084
2018-03-07,6368.26709
2018-03-08,6443.020996
2018-03-09,6433.321777
2018-03-12,6500.686035
2018-03-13,6412.846191
2018-03-14,6382.623047
2018-03-15,6321.903809
2018-03-16,6304.952147999999
2018-03-19,6289.571777
2018-03-20,6243.577147999999
2018-03-21,6312.831055
2018-03-22,6254.074219
2018-03-23,6210.698242
2018-03-26,6200.171875
2018-03-27,6209.350098
2018-03-28,6140.836914
2018-03-29,6188.986816
2018-03-30,
2018-04-02,6240.570801
2018-04-03,6229.013184
2018-04-04,6157.096191
2018-04-05,6183.227051
2018-04-06,6175.051758
2018-04-09,6246.130859000001
2018-04-10,6325.817871
2018-04-11,6360.932129
2018-04-12,6310.801758
2018-04-13,6270.327147999999
2018-04-16,6286.748047
2018-04-17,6285.762207
2018-04-18,6320.004883
2018-04-19,6355.900879
2018-04-20,6337.694824
2018-04-23,6308.147949
2018-04-24,6229.634765999999
2018-04-25,6079.850098
2018-04-26,5909.198242
2018-04-27,5919.237793
2018-04-30,5994.595215
2018-05-01,
2018-05-02,6012.237793
2018-05-03,5858.731934
2018-05-04,5792.345215
2018-05-07,5885.098145
2018-05-08,5774.71582
2018-05-09,5907.937988000001
2018-05-10,
2018-05-11,5956.832031
2018-05-14,5947.154785
2018-05-15,5838.116211
2018-05-16,5841.463867
2018-05-17,5815.919922
2018-05-18,5783.310059
2018-05-21,5733.854004
2018-05-22,5751.119140999999
2018-05-23,5792.000977000001
2018-05-24,5946.538086
2018-05-25,5975.742188
2018-05-28,6068.325195
2018-05-29,
2018-05-30,6011.055176
2018-05-31,5983.586914
2018-06-01,
2018-06-04,6014.818848
2018-06-05,6088.790039
2018-06-06,6069.712890999999
2018-06-07,6106.698242
2018-06-08,5993.626953
2018-06-11,
2018-06-12,
2018-06-13,
2018-06-14,
2018-06-15,
2018-06-18,
2018-06-19,
2018-06-20,5884.039063
2018-06-21,5822.333008
2018-06-22,5821.812011999999
2018-06-25,5859.083008
2018-06-26,5825.648926
2018-06-27,5787.551758
2018-06-28,5667.318848
2018-06-29,5799.236816
2018-07-02,5746.77002
2018-07-03,5633.937011999999
2018-07-04,5733.63916
2018-07-05,5739.332031
2018-07-06,5694.912109000001
2018-07-09,5807.375
2018-07-10,5881.759765999999
2018-07-11,5893.358886999999
2018-07-12,5907.87207
2018-07-13,5944.074219
2018-07-16,5905.158203
2018-07-17,5861.507813
2018-07-18,5890.730957
2018-07-19,5871.077147999999
2018-07-20,5872.78418
2018-07-23,5915.795897999999
2018-07-24,5931.841797
2018-07-25,5933.88916
2018-07-26,5946.13623
2018-07-27,5989.13623
2018-07-30,6027.936035
2018-07-31,5936.442871
2018-08-01,6033.418945
2018-08-02,6011.723145
2018-08-03,6007.538086
2018-08-06,6101.130859000001
2018-08-07,6091.25
2018-08-08,6094.829102000001
2018-08-09,6065.255859000001
2018-08-10,6077.172852000001
2018-08-13,5861.246094
2018-08-14,5769.873047
2018-08-15,5816.589844
2018-08-16,5783.797852000001
2018-08-17,
2018-08-20,5892.191895
2018-08-21,5944.300781
2018-08-22,
2018-08-23,5982.984863000001
2018-08-24,5968.75
2018-08-27,6025.967772999999
2018-08-28,6042.649902
2018-08-29,6065.148926
2018-08-30,6018.963867
2018-08-31,6018.459961
2018-09-03,5967.579102000001
2018-09-04,5905.300781
2018-09-05,5683.500977000001
2018-09-06,5776.095215
2018-09-07,5851.464844
2018-09-10,5831.117188
2018-09-11,
2018-09-12,5798.150879
2018-09-13,5858.273926
2018-09-14,5931.280761999999
2018-09-17,5824.256836
2018-09-18,5811.790039
2018-09-19,5873.597168
2018-09-20,5931.266113000001
2018-09-21,5957.744140999999
2018-09-24,5882.220215
2018-09-25,5874.298828
2018-09-26,5873.270996
2018-09-27,5929.21582
2018-09-28,5976.553223
2018-10-01,5944.601074
2018-10-02,5875.619140999999
2018-10-03,5867.736816
2018-10-04,5756.619140999999
2018-10-05,5731.935059
2018-10-08,5761.073242
2018-10-09,5796.790039
2018-10-10,5820.667969
2018-10-11,5702.821777
2018-10-12,5756.490234000001
2018-10-15,5727.255859000001
2018-10-16,5800.816895
2018-10-17,5868.620117
2018-10-18,5845.242188
2018-10-19,5837.291015999999
2018-10-22,5840.435059
2018-10-23,5797.891113000001
2018-10-24,5709.416992
2018-10-25,5754.964844
2018-10-26,5784.920897999999
2018-10-29,5754.606934
2018-10-30,5789.100098
2018-10-31,5831.649902
2018-11-01,5835.919922
2018-11-02,5906.291992
2018-11-05,5920.594238000001
2018-11-06,5923.930176
2018-11-07,5939.88623
2018-11-08,5976.806152
2018-11-09,5874.153809
2018-11-12,5777.053223
2018-11-13,5835.198242
2018-11-14,5858.292969
2018-11-15,5955.73584
2018-11-16,6012.350098
2018-11-19,6005.296875
2018-11-20,
2018-11-21,5948.051758
2018-11-22,5990.810059
2018-11-23,6006.202147999999
2018-11-26,6022.777832
2018-11-27,6013.588867
2018-11-28,5991.246094
2018-11-29,6107.167969
2018-11-30,6056.124022999999
2018-12-03,6118.319824
2018-12-04,6152.859863000001
2018-12-05,6133.120117
2018-12-06,6115.493164
2018-12-07,6126.355957
2018-12-10,6111.359863000001
2018-12-11,6076.586914
2018-12-12,6115.577147999999
2018-12-13,6177.720215
2018-12-14,6169.842772999999
2018-12-17,6089.305176
2018-12-18,6081.867188
2018-12-19,6176.094238000001
2018-12-20,6147.875977000001
2018-12-21,6163.596191
2018-12-24,
2018-12-25,
2018-12-26,6127.850098
2018-12-27,6190.643066
2018-12-28,6194.498047
2018-12-31,
