Date,value
2019-01-01,0.0
2019-01-02,0.10295802953249053
2019-01-03,0.20561776069943413
2019-01-04,0.3079361860215137
2019-01-05,0.4098705497329243
2019-01-06,0.5113783653781253
2019-01-07,0.6124174332503516
2019-01-08,0.7129458576648441
2019-01-09,0.8129220640598469
2019-01-10,0.9123048159185124
2019-01-11,1.0110532315049412
2019-01-12,1.1091268004076895
2019-01-13,1.2064853998841694
2019-01-14,1.3030893109994668
2019-01-15,1.398899234553211
2019-01-16,1.4938763067882332
2019-01-17,1.5879821148748554
2019-01-18,1.6811787121647723
2019-01-19,1.7734286332085898
2019-01-20,1.8646949085312083
2019-01-21,1.9549410791593569
2019-01-22,2.044131210895685
2019-01-23,2.132229908333982
2019-01-24,2.2192023286101623
2019-01-25,2.305014194883836
2019-01-26,2.3896318095453655
2019-01-27,2.473022067143473
2019-01-28,2.5551524670285723
2019-01-29,2.6359911257071493
2019-01-30,2.7155067889026223
2019-01-31,2.793668843318295
2019-02-01,2.8704473280981007
2019-02-02,2.9458129459810167
2019-02-03,3.0197370741451466
2019-02-04,3.0921917747376177
2019-02-05,3.1631498050865887
2019-02-06,3.23258462759178
2019-02-07,3.300470419290149
2019-02-08,3.366782081093384
2019-02-09,3.431495246694134
2019-02-10,3.4945862911379826
2019-02-11,3.55603233905833
2019-02-12,3.615811272571524
2019-02-13,3.673901738829708
2019-02-14,3.7302831572290023
2019-02-15,3.7849357262708265
2019-02-16,3.8378404300742703
2019-02-17,3.8889790445376007
2019-02-18,3.9383341431471752
2019-02-19,3.9858891024321252
2019-02-20,4.031628107063371
2019-02-21,4.075536154595689
2019-02-22,4.117599059851666
2019-02-23,4.157803458946583
2019-02-24,4.196136812953381
2019-02-25,4.232587411207051
2019-02-26,4.267144374247926
2019-02-27,4.299797656403502
2019-02-28,4.330538048008607
2019-03-01,4.359357177263833
2019-03-02,4.3862475117323765
2019-03-03,4.411202359475476
2019-03-04,4.434215869826943
2019-03-05,4.4552830338072615
2019-03-06,4.474399684178042
2019-03-07,4.491562495137645
2019-03-08,4.506768981659013
2019-03-09,4.520017498470884
2019-03-10,4.53130723868368
2019-03-11,4.54063823206155
2019-03-12,4.548011342942177
2019-03-13,4.553428267806099
2019-03-14,4.556891532497457
2019-03-15,4.558404489098193
2019-03-16,4.557971312457925
2019-03-17,4.555596996381778
2019-03-18,4.551287349478701
2019-03-19,4.545048990672809
2019-03-20,4.536889344380559
2019-03-21,4.526816635356606
2019-03-22,4.514839883211349
2019-03-23,4.500968896603349
2019-03-24,4.4852142671098605
2019-03-25,4.467587362778887
2019-03-26,4.4481003213663435
2019-03-27,4.42676604326191
2019-03-28,4.403598184107415
2019-03-29,4.378611147111643
2019-03-30,4.351820075065573
2019-03-31,4.323240842062214
2019-04-01,4.292890044925274
2019-04-02,4.260784994351062
2019-04-03,4.2269437057680666
2019-04-04,4.19138488991885
2019-04-05,4.1541279431689215
2019-04-06,4.115192937547404
2019-04-07,4.074600610524404
2019-04-08,4.032372354530106
2019-04-09,3.988530206220658
2019-04-10,3.943096835496081
2019-04-11,3.8960955342754815
2019-04-12,3.847550205034958
2019-04-13,3.7974853491136553
2019-04-14,3.745926054793542
2019-04-15,3.692897985158535
2019-04-16,3.6384273657387034
2019-04-17,3.5825409719453303
2019-04-18,3.525266116302725
2019-04-19,3.466630635482703
2019-04-20,3.406662877147769
2019-04-21,3.3453916866090774
2019-04-22,3.2828463933052925
2019-04-23,3.2190567971085877
2019-04-24,3.1540531544640142
2019-04-25,3.087866164368575
2019-04-26,3.0205269541963666
2019-04-27,2.9520670653762187
2019-04-28,2.8825184389282867
2019-04-29,2.8119134008661173
2019-04-30,2.740284647470736
2019-05-01,2.6676652304433555
2019-05-02,2.5940885419433104
2019-05-03,2.5195882995179075
2019-05-04,2.4441985309308634
2019-05-05,2.3679535588960294
2019-05-06,2.2908879857231823
2019-05-07,2.2130366778826134
2019-05-08,2.1344347504952785
2019-05-09,2.0551175517553517
2019-05-10,1.9751206472919387
2019-05-11,1.89447980447679
2019-05-12,1.813230976684826
2019-05-13,1.7314102875142976
2019-05-14,1.6490540149734143
2019-05-15,1.5661985756402397
2019-05-16,1.4828805088026944
2019-05-17,1.3991364605854648
2019-05-18,1.315003168070606
2019-05-19,1.2305174434186317
2019-05-20,1.145716157996847
2019-05-21,1.0606362265216769
2019-05-22,0.9753145912217248
2019-05-23,0.8897882060282047
2019-05-24,0.8040940207994959
2019-05-25,0.718268965586396
2019-05-26,0.632349934944701
2019-05-27,0.5463737723016787
2019-05-28,0.4603772543829572
2019-05-29,0.37439707570633
2019-05-30,0.28846983314889146
2019-05-31,0.2026320105939328
2019-06-01,0.11691996366391758
2019-06-02,0.03136990454584029
2019-06-03,-0.053982113084797
2019-06-04,-0.13910020903520826
2019-06-05,-0.2239486914556293
2019-06-06,-0.30849207158263736
2019-06-07,-0.3926950783595174
2019-06-08,-0.476522672927713
2019-06-09,-0.5599400629835343
2019-06-10,-0.642912716994324
2019-06-11,-0.7254063782683765
2019-06-12,-0.8073870788729782
2019-06-13,-0.8888211533949915
2019-06-14,-0.969675252538562
2019-06-15,-1.049916356554488
2019-06-16,-1.1295117884959955
2019-06-17,-1.2084292272956805
2019-06-18,-1.2866367206584928
2019-06-19,-1.3641026977657174
2019-06-20,-1.4407959817850151
2019-06-21,-1.5166858021816547
2019-06-22,-1.5917418068262144
2019-06-23,-1.6659340738940511
2019-06-24,-1.7392331235520249
2019-06-25,-1.8116099294279933
2019-06-26,-1.88303592985874
2019-06-27,-1.9534830389120983
2019-06-28,-2.0229236571791027
2019-06-29,-2.091330682332184
2019-06-30,-2.158677519445432
2019-07-01,-2.2249380910731693
2019-07-02,-2.2900868470830966
2019-07-03,-2.354098774240456
2019-07-04,-2.4169494055397203
2019-07-05,-2.478614829280479
2019-07-06,-2.5390716978842622
2019-07-07,-2.5982972364492056
2019-07-08,-2.656269251039545
2019-07-09,-2.7129661367070734
2019-07-10,-2.7683668852417944
2019-07-11,-2.822451092649154
2019-07-12,-2.8751989663513218
2019-07-13,-2.9265913321101467
2019-07-14,-2.9766096406695297
2019-07-15,-3.025235974115056
2019-07-16,-3.0724530519489006
2019-07-17,-3.1182442368781067
2019-07-18,-3.1625935403144734
2019-07-19,-3.2054856275844523
2019-07-20,-3.2469058228475043
2019-07-21,-3.286840113721575
2019-07-22,-3.3252751556144413
2019-07-23,-3.362198275759784
2019-07-24,-3.3975974769570247
2019-07-25,-3.4314614410140463
2019-07-26,-3.4637795318920794
2019-07-27,-3.4945417985521336
2019-07-28,-3.52373897750252
2019-07-29,-3.5513624950470866
2019-07-30,-3.5774044692339917
2019-07-31,-3.601857711504884
2019-08-01,-3.624715728044538
2019-08-02,-3.6459727208311383
2019-08-03,-3.6656235883874615
2019-08-04,-3.6836639262333963
2019-08-05,-3.700090027040364
2019-08-06,-3.714898880488268
2019-08-07,-3.728088172825815
2019-08-08,-3.7396562861350846
2019-08-09,-3.749602297301432
2019-08-10,-3.7579259766898567
2019-08-11,-3.764627786529151
2019-08-12,-3.76970887900523
2019-08-13,-3.7731710940651615
2019-08-14,-3.7750169569335754
2019-08-15,-3.7752496753431912
2019-08-16,-3.773873136481375
2019-08-17,-3.7708919036547073
2019-08-18,-3.766311212673698
2019-08-19,-3.7601369679598697
2019-08-20,-3.7523757383775576
2019-08-21,-3.7430347527928816
2019-08-22,-3.732121895362458
2019-08-23,-3.719645700554533
2019-08-24,-3.705615347905292
2019-08-25,-3.690040656513287
2019-08-26,-3.6729320792749167
2019-08-27,-3.6543006968640936
2019-08-28,-3.6341582114592885
2019-08-29,-3.6125169402212336
2019-08-30,-3.5893898085247
2019-08-31,-3.564790342947832
2019-09-01,-3.538732664022622
2019-09-02,-3.511231478750218
2019-09-03,-3.482302072884808
2019-09-04,-3.451960302989975
2019-09-05,-3.420222588271444
2019-09-06,-3.387105902190267
2019-09-07,-3.352627763860552
2019-09-08,-3.31680622923595
2019-09-09,-3.2796598820891534
2019-09-10,-3.241207824788788
2019-09-11,-3.2014696688781106
2019-09-12,-3.160465525460024
2019-09-13,-3.118215995392979
2019-09-14,-3.0747421593024216
2019-09-15,-3.030065567412481
2019-09-16,-2.984208229202685
2019-09-17,-2.9371926028945463
2019-09-18,-2.8890415847729023
2019-09-19,-2.8397784983469965
2019-09-20,-2.789427083356279
2019-09-21,-2.7380114846260364
2019-09-22,-2.6855562407779217
2019-09-23,-2.6320862728006214
2019-09-24,-2.57762687248578
2019-09-25,-2.5222036907345498
2019-09-26,-2.465842725739984
2019-09-27,-2.40857031105066
2019-09-28,-2.350413103520896
2019-09-29,-2.291398071152984
2019-09-30,-2.2315524808368763
2019-10-01,-2.170903885992817
2019-10-02,-2.1094801141224084
2019-10-03,-2.047309254273658
2019-10-04,-1.9844196444255524
2019-10-05,-1.9208398587977265
2019-10-06,-1.856598695090836
2019-10-07,-1.7917251616632244
2019-10-08,-1.7262484646495384
2019-10-09,-1.6601979950268533
2019-10-10,-1.5936033156340426
2019-10-11,-1.526494148149972
2019-10-12,-1.4589003600361907
2019-10-13,-1.390851951449769
2019-10-14,-1.3223790421319377
2019-10-15,-1.2535118582781646
2019-10-16,-1.1842807193953224
2019-10-17,-1.1147160251515702
2019-10-18,-1.0448482422245722
2019-10-19,-0.974707891153667
2019-10-20,-0.9043255332015732
2019-10-21,-0.8337317572312104
2019-10-22,-0.7629571666031839
2019-10-23,-0.6920323660994896
2019-10-24,-0.6209879488788929
2019-10-25,-0.5498544834695268
2019-10-26,-0.4786625008041163
2019-10-27,-0.4074424813032599
2019-10-28,-0.33622484201215763
2019-10-29,-0.26503992379613
2019-10-30,-0.1939179786002402
2019-10-31,-0.12288915677829065
2019-11-01,-0.05198349449641994
2019-11-02,0.018769098783514068
2019-11-03,0.08933885273563155
2019-11-04,0.15969614851171873
2019-11-05,0.2298115309878713
2019-11-06,0.2996557209111123
2019-11-07,0.3691996269410375
2019-11-08,0.438414357581662
2019-11-09,0.5072712329985958
2019-11-10,0.5757417967168386
2019-11-11,0.6437978271944899
2019-11-12,0.71141134926775
2019-11-13,0.7785546454626527
2019-11-14,0.8452002671690412
2019-11-15,0.9113210456723632
2019-11-16,0.9768901030389412
2019-11-17,1.0418808628504317
2019-11-18,1.1062670607832843
2019-11-19,1.1700227550290674
2019-11-20,1.233122336551614
2019-11-21,1.2955405391770294
2019-11-22,1.3572524495126397
2019-11-23,1.4182335166911564
2019-11-24,1.4784595619362342
2019-11-25,1.53790678794586
2019-11-26,1.5965517880900038
2019-11-27,1.6543715554190639
2019-11-28,1.7113434914797472
2019-11-29,1.7674454149350938
2019-11-30,1.8226555699854663
2019-12-01,1.8769526345873973
2019-12-02,1.9303157284673031
2019-12-03,1.9827244209271448
2019-12-04,2.034158738439236
2019-12-05,2.0845991720274704
2019-12-06,2.1340266844323668
2019-12-07,2.1824227170573853
2019-12-08,2.2297691966941424
2019-12-09,2.2760485420241467
2019-12-10,2.3212436698948924
2019-12-11,2.365338001368144
2019-12-12,2.4083154675384493
2019-12-13,2.450160515119916
2019-12-14,2.490858111799494
2019-12-15,2.5303937513550165
2019-12-16,2.568753458536433
2019-12-17,2.605923793708716
2019-12-18,2.6418918572550725
2019-12-19,2.6766452937391527
2019-12-20,2.710172295825105
2019-12-21,2.742461607954378
2019-12-22,2.7735025297783253
2019-12-23,2.803284919345748
2019-12-24,2.831799196044609
2019-12-25,2.859036343297297
2019-12-26,2.8849879110088748
2019-12-27,2.9096460177679067
2019-12-28,2.9330033527995085
2019-12-29,2.955053177670428
2019-12-30,2.9757893277460217
2019-12-31,2.9952062133991366
2020-01-01,3.0132988209709746
2020-01-02,3.0300627134841682
2020-01-03,3.045494031108352
2020-01-04,3.0595894913786603
2020-01-05,3.0723463891676612
2020-01-06,3.0837625964113418
2020-01-07,3.0938365615898933
2020-01-08,3.1025673089640846
2020-01-09,3.109954437568194
2020-01-10,3.1159981199605005
2020-01-11,3.12069910073248
2020-01-12,3.124058694777936
2020-01-13,3.1260787853233936
2020-01-14,3.1267618217211863
2020-01-15,3.1261108170067633
2020-01-16,3.1241293452218364
2020-01-17,3.120821538505105
2020-01-18,3.1161920839523374
2020-01-19,3.110246220247749
2020-01-20,3.1029897340686667
2020-01-21,3.0944289562655687
2020-01-22,3.0845707578196784
2020-01-23,3.0734225455804043
2020-01-24,3.060992257784963
2020-01-25,3.0472883593626467
2020-01-26,3.0323198370262645
2020-01-27,3.0160961941533717
2020-01-28,2.9986274454599955
2020-01-29,2.97992411146963
2020-01-30,2.959997212780378
2020-01-31,2.938858264133158
2020-02-01,2.916519268284018
2020-02-02,2.8929927096836368
2020-02-03,2.8682915479671967
2020-02-04,2.8424292112578544
2020-02-05,2.815419589287128
2020-02-06,2.7872770263356053
2020-02-07,2.7580163139973806
2020-02-08,2.727652683771788
2020-02-09,2.6962017994859826
2020-02-10,2.6636797495520295
2020-02-11,2.630103039062207
2020-02-12,2.595488581726281
2020-02-13,2.559853691654604
2020-02-14,2.523216074990887
2020-02-15,2.485593821398606
2020-02-16,2.447005395405027
2020-02-17,2.4074696276068765
2020-02-18,2.3670057057417693
2020-02-19,2.3256331656295117
2020-02-20,2.283371881987462
2020-02-21,2.2402420591242067
2020-02-22,2.196264221515745
2020-02-23,2.1514592042685736
2020-02-24,2.1058481434739567
2020-02-25,2.0594524664577887
2020-02-26,2.012293881930439
2020-02-27,1.9643943700410509
2020-02-28,1.915776172340744
2020-02-29,1.866461781659236
2020-03-01,1.816473931899412
2020-03-02,1.7658355877543823
2020-03-03,1.7145699343516123
2020-03-04,1.6627003668287128
2020-03-05,1.6102504798455008
2020-03-06,1.5572440570369634
2020-03-07,1.5037050604117528
2020-03-08,1.4496576197008797
2020-03-09,1.3951260216612549
2020-03-10,1.3401346993387535
2020-03-11,1.2847082212954792
2020-03-12,1.228871280805898
2020-03-13,1.1726486850265376
2020-03-14,1.1160653441439143
2020-03-15,1.059146260505384
2020-03-16,1.001916517737572
2020-03-17,0.9444012698570696
2020-03-18,0.8866257303780358
2020-03-19,0.8286151614213701
2020-03-20,0.7703948628300838
2020-03-21,0.7119901612954904
2020-03-22,0.6534263994988514
2020-03-23,0.5947289252729921
2020-03-24,0.5359230807885558
2020-03-25,0.4770341917693671
2020-03-26,0.41808755674146014
2020-03-27,0.3591084363202634
2020-03-28,0.30012204254041164
2020-03-29,0.24115352823262698
2020-03-30,0.1822279764520785
2020-03-31,0.12337038996259865
2020-04-01,0.06460568078109949
2020-04-02,0.005958659786494079
2020-04-03,-0.05254597360260715
2020-04-04,-0.11088364167719757
2020-04-05,-0.1690298986099856
2020-04-06,-0.22696044054617276
2020-04-07,-0.2846511156087987
2020-04-08,-0.3420779338146027
2020-04-09,-0.3992170768963956
2020-04-10,-0.4560449080279885
2020-04-11,-0.5125379814477763
2020-04-12,-0.5686730519771229
2020-04-13,-0.6244270844297559
2020-04-14,-0.6797772629084274
2020-04-15,-0.7347009999851585
2020-04-16,-0.7891759457614471
2020-04-17,-0.8431799968048688
2020-04-18,-0.8966913049585741
2020-04-19,-0.9496882860202376
2020-04-20,-1.002149628287092
2020-04-21,-1.0540543009637062
2020-04-22,-1.1053815624293353
2020-04-23,-1.1561109683615711
2020-04-24,-1.2062223797132616
2020-04-25,-1.2556959705396291
2020-04-26,-1.3045122356726309
2020-04-27,-1.3526519982396663
2020-04-28,-1.4000964170238157
2020-04-29,-1.4468269936628615
2020-04-30,-1.492825579684424
2020-05-01,-1.5380743833746242
2020-05-02,-1.5825559764777473
2020-05-03,-1.62625330072448
2020-05-04,-1.6691496741863594
2020-05-05,-1.7112287974541531
2020-05-06,-1.7524747596379788
2020-05-07,-1.792872044187038
2020-05-08,-1.8324055345269412
2020-05-09,-1.8710605195126635
2020-05-10,-1.908822698695268
2020-05-11,-1.9456781874006095
2020-05-12,-1.9816135216183284
2020-05-13,-2.0166156626994898
2020-05-14,-2.0506720018614004
2020-05-15,-2.0837703644980894
2020-05-16,-2.1158990142951377
2020-05-17,-2.147046657147587
2020-05-18,-2.17720244487972
2020-05-19,-2.206355978765647
2020-05-20,-2.2344973128496672
2020-05-21,-2.2616169570654963
2020-05-22,-2.287705880153526
2020-05-23,-2.312755512375371
2020-05-24,-2.3367577480250468
2020-05-25,-2.359704947736212
2020-05-26,-2.381589940585
2020-05-27,-2.4024060259880327
2020-05-28,-2.4221469753953464
2020-05-29,-2.4408070337779706
2020-05-30,-2.4583809209100767
2020-05-31,-2.47486383244563
2020-06-01,-2.490251440789601
2020-06-02,-2.5045398957638807
2020-06-03,-2.5177258250681103
2020-06-04,-2.529806334535748
2020-06-05,-2.5407790081857566
2020-06-06,-2.5506419080704132
2020-06-07,-2.559393573919785
2020-06-08,-2.5670330225835567
2020-06-09,-2.5735597472709104
2020-06-10,-2.578973716589318
2020-06-11,-2.583275373383125
2020-06-12,-2.5864656333729306
2020-06-13,-2.588545883596832
2020-06-14,-2.589517980654684
2020-06-15,-2.5893842487566108
2020-06-16,-2.588147477577087
2020-06-17,-2.5858109199159824
2020-06-18,-2.58237828916804
2020-06-19,-2.5778537566023427
2020-06-20,-2.5722419484534
2020-06-21,-2.5655479428255497
2020-06-22,-2.5577772664124763
2020-06-23,-2.5489358910336604
2020-06-24,-2.5390302299897454
2020-06-25,-2.5280671342387606
2020-06-26,-2.516053888395326
2020-06-27,-2.5029982065549383
2020-06-28,-2.48890822794558
2020-06-29,-2.473792512408916
2020-06-30,-2.4576600357134284
2020-07-01,-2.440520184701902
2020-07-02,-2.422382752275735
2020-07-03,-2.40325793221862
2020-07-04,-2.3831563138621936
2020-07-05,-2.3620888765963253
2020-07-06,-2.340066984226755
2020-07-07,-2.317102379182874
2020-07-08,-2.2932071765784863
2020-07-09,-2.2683938581284324
2020-07-10,-2.2426752659240416
2020-07-11,-2.2160645960704035
2020-07-12,-2.1885753921885005
2020-07-13,-2.1602215387853505
2020-07-14,-2.131017254495225
2020-07-15,-2.100977085195242
2020-07-16,-2.0701158969985007
2020-07-17,-2.03844886912809
2020-07-18,-2.0059914866752746
2020-07-19,-1.9727595332452488
2020-07-20,-1.938769083493865
2020-07-21,-1.9040364955587772
2020-07-22,-1.868578403388504
2020-07-23,-1.832411708972908
2020-07-24,-1.795553574478673
2020-07-25,-1.7580214142933412
2020-07-26,-1.7198328869815396
2020-07-27,-1.6810058871570384
2020-07-28,-1.6415585372743082
2020-07-29,-1.601509179343279
2020-07-30,-1.5608763665710164
2020-07-31,-1.5196788549340583
2020-08-01,-1.4779355946851758
2020-08-02,-1.4356657217983402
2020-08-03,-1.392888549355689
2020-08-04,-1.3496235588803134
2020-08-05,-1.3058903916186828
2020-08-06,-1.2617088397765583
2020-08-07,-1.2170988377122307
2020-08-08,-1.1720804530909577
2020-08-09,-1.1266738780044463
2020-08-10,-1.080899420059269
2020-08-11,-1.0347774934380691
2020-08-12,-0.988328609937468
2020-08-13,-0.941573369986479
2020-08-14,-0.8945324536493928
2020-08-15,-0.8472266116169412
2020-08-16,-0.7996766561896325
2020-08-17,-0.7519034522571149
2020-08-18,-0.7039279082774248
2020-08-19,-0.6557709672599602
2020-08-20,-0.6074535977560132
2020-08-21,-0.5589967848606852
2020-08-22,-0.5104215212299857
2020-08-23,-0.4617487981169095
2020-08-24,-0.4129995964302618
2020-08-25,-0.3641948778199871
2020-08-26,-0.3153555757927335
2020-08-27,-0.2665025868613654
2020-08-28,-0.2176567617321088
2020-08-29,-0.16883889653299522
2020-08-30,-0.12006972408723712
2020-08-31,-0.07136990523514376
2020-09-01,-0.022760020208154656
2020-09-02,0.02573943994146241
2020-09-03,0.07410808185173398
2020-09-04,0.12232561829944415
2020-09-05,0.17037187658249353
2020-09-06,0.21822680683274415
2020-09-07,0.2658704902559819
2020-09-08,0.3132831472956635
2020-09-09,0.36044514571715897
2020-09-10,0.4073370086092449
2020-09-11,0.4539394222996187
2020-09-12,0.5002332441813351
2020-09-13,0.5461995104469682
2020-09-14,0.5918194437274933
2020-09-15,0.6370744606328423
2020-09-16,0.6819461791911703
2020-09-17,0.7264164261839101
2020-09-18,0.7704672443737489
2020-09-19,0.8140808996227104
2020-09-20,0.8572398878975822
2020-09-21,0.8999269421599807
2020-09-22,0.9421250391384024
2020-09-23,0.9838174059796696
2020-09-24,1.0249875267772306
2020-09-25,1.0656191489738418
2020-09-26,1.1056962896362084
2020-09-27,1.1452032415992317
2020-09-28,1.1841245794775617
2020-09-29,1.2224451655422293
2020-09-30,1.2601501554601748
2020-10-01,1.2972250038945812
2020-10-02,1.3336554699639545
2020-10-03,1.3694276225579884
2020-10-04,1.40452784550829
2020-10-05,1.4389428426121291
2020-10-06,1.4726596425074323
2020-10-07,1.5056656033973084
2020-10-08,1.5379484176224707
2020-10-09,1.5694961160799763
2020-10-10,1.600297072486791
2020-10-11,1.6303400074867085
2020-10-12,1.6596139925993465
2020-10-13,1.6881084540098183
2020-10-14,1.715813176197937
2020-10-15,1.742718305405772
2020-10-16,1.7688143529424871
2020-10-17,1.7940921983254503
2020-10-18,1.8185430922566843
2020-10-19,1.842158659433792
2020-10-20,1.8649309011945776
2020-10-21,1.8868521979946355
2020-10-22,1.9079153117172707
2020-10-23,1.9281133878151824
2020-10-24,1.9474399572834111
2020-10-25,1.9658889384631208
2020-10-26,1.983454638675876
2020-10-27,2.000131755688129
2020-10-28,2.015915379005714
2020-10-29,2.0308009909982188
2020-10-30,2.044784467853168
2020-10-31,2.057862080360048
2020-11-01,2.0700304945242385
2020-11-02,2.0812867720110275
2020-11-03,2.0916283704199308
2020-11-04,2.1010531433896205
2020-11-05,2.1095593405338384
2020-11-06,2.117145607208737
2020-11-07,2.123810984112162
2020-11-08,2.129554906715473
2020-11-09,2.134377204528537
2020-11-10,2.138278100198645
2020-11-11,2.1412582084441336
2020-11-12,2.143318534823564
2020-11-13,2.1444604743414164
2020-11-14,2.1446858098912696
2020-11-15,2.1439967105375497
2020-11-16,2.14239572963697
2020-11-17,2.1398858028008627
2020-11-18,2.1364702456996625
2020-11-19,2.1321527517108647
2020-11-20,2.126937389411854
2020-11-21,2.12082859991905
2020-11-22,2.1138311940748804
2020-11-23,2.1059503494841683
2020-11-24,2.0971916074015566
2020-11-25,2.0875608694716647
2020-11-26,2.0770643943237426
2020-11-27,2.065708794022616
2020-11-28,2.053501030377804
2020-11-29,2.040448411112727
2020-11-30,2.0265585858959745
2020-12-01,2.0118395422366864
2020-12-02,1.996299601246107
2020-12-03,1.97994741326747
2020-12-04,1.9627919533763865
2020-12-05,1.944842516753981
2020-12-06,1.9261087139350648
2020-12-07,1.9066004659336688
2020-12-08,1.8863279992483284
2020-12-09,1.8653018407495343
2020-12-10,1.8435328124518369
2020-12-11,1.821032026173085
2020-12-12,1.7978108780833943
2020-12-13,1.7738810431464083
2020-12-14,1.7492544694554992
2020-12-15,1.723943372467587
2020-12-16,1.6979602291372735
2020-12-17,1.6713177719540493
2020-12-18,1.644028982885345
2020-12-19,1.616107087228249
2020-12-20,1.587565547372731
2020-12-21,1.558418056479247
2020-12-22,1.5286785320736365
2020-12-23,1.4983611095622429
2020-12-24,1.4674801356702158
2020-12-25,1.436050161805983
2020-12-26,1.4040859373549035
2020-12-27,1.371602402905131
2020-12-28,1.3386146834087431
2020-12-29,1.305138081281212
2020-12-30,1.271188069442308
2020-12-31,1.2367802843015443
2021-01-01,1.2019305186912943
2021-01-02,1.1666547147507138
2021-01-03,1.1309689567636323
2021-01-04,1.094889463953567
2021-01-05,1.058432583239048
2021-01-06,1.0216147819524308
2021-01-07,0.9844526405253929
2021-01-08,0.9469628451443074
2021-01-09,0.9091621803787221
2021-01-10,0.8710675217860981
2021-01-11,0.8326958284960873
2021-01-12,0.7940641357775029
2021-01-13,0.7551895475912237
2021-01-14,0.7160892291322258
2021-01-15,0.6767803993639547
2021-01-16,0.6372803235482343
2021-01-17,0.5976063057739047
2021-01-18,0.5577756814873831
2021-01-19,0.5178058100283164
2021-01-20,0.4777140671735017
2021-01-21,0.4375178376922254
2021-01-22,0.3972345079161697
2021-01-23,0.3568814583270123
2021-01-24,0.3164760561648381
2021-01-25,0.27603564806045744
2021-01-26,0.23557755269471425
2021-01-27,0.19511905348784328
2021-01-28,0.1546773913219191
2021-01-29,0.11426975729941392
2021-01-30,0.07391328554086325
2021-01-31,0.033625046024609605
2021-02-01,-0.006577962528427418
2021-02-02,-0.04667881972203447
2021-02-03,-0.08666069050114822
2021-02-04,-0.1265068321145954
2021-02-05,-0.16620060102129475
2021-02-06,-0.20572545973711795
2021-02-07,-0.2450649836196419
2021-02-08,-0.284202867588035
2021-02-09,-0.3231229327754234
2021-02-10,-0.3618091331110045
2021-02-11,-0.4002455618293243
2021-02-12,-0.4384164579041071
2021-02-13,-0.4763062124040841
2021-02-14,-0.5138993747683064
2021-02-15,-0.5511806589984671
2021-02-16,-0.5881349497657985
2021-02-17,-0.6247473084301542
2021-02-18,-0.6610029789689271
2021-02-19,-0.6968873938135007
2021-02-20,-0.7323861795909755
2021-02-21,-0.7674851627689561
2021-02-22,-0.8021703752012349
2021-02-23,-0.8364280595722553
2021-02-24,-0.8702446747382804
2021-02-25,-0.9036069009632516
2021-02-26,-0.9365016450473624
2021-02-27,-0.9689160453464288
2021-02-28,-1.0008374766801886
2021-03-01,-1.0322535551277088
2021-03-02,-1.063152142708141
2021-03-03,-1.0935213519451108
2021-03-04,-1.1233495503130846
2021-03-05,-1.1526253645641122
2021-03-06,-1.181337684933392
2021-03-07,-1.2094756692221769
2021-03-08,-1.2370287467565682
2021-03-09,-1.2639866222208354
2021-03-10,-1.290339279363928
2021-03-11,-1.316076984577894
2021-03-12,-1.3411902903470658
2021-03-13,-1.3656700385667635
2021-03-14,-1.3895073637305049
2021-03-15,-1.4126936959846494
2021-03-16,-1.4352207640495156
2021-03-17,-1.4570805980060535
2021-03-18,-1.4782655319472144
2021-03-19,-1.4987682064932275
2021-03-20,-1.5185815711700468
2021-03-21,-1.537698886650288
2021-03-22,-1.556113726856048
2021-03-23,-1.5738199809230455
2021-03-24,-1.5908118550255947
2021-03-25,-1.6070838740619684
2021-03-26,-1.6226308831997929
2021-03-27,-1.6374480492811463
2021-03-28,-1.6515308620871174
2021-03-29,-1.6648751354616316
2021-03-30,-1.6774770082944102
2021-03-31,-1.689332945362998
2021-04-01,-1.7004397380338414
2021-04-02,-1.7107945048224733
2021-04-03,-1.7203946918129092
2021-04-04,-1.729238072936426
2021-04-05,-1.7373227501099548
2021-04-06,-1.7446471532343693
2021-04-07,-1.7512100400530193
2021-04-08,-1.7570104958709227
2021-04-09,-1.7620479331350658
2021-04-10,-1.7663220908763415
2021-04-11,-1.7698330340137165
2021-04-12,-1.772581152521234
2021-04-13,-1.7745671604585824
2021-04-14,-1.7757920948659511
2021-04-15,-1.7762573145239964
2021-04-16,-1.7759644985797736
2021-04-17,-1.7749156450395491
2021-04-18,-1.7731130691294732
2021-04-19,-1.7705594015251256
2021-04-20,-1.767257586451024
2021-04-21,-1.7632108796512211
2021-04-22,-1.7584228462321678
2021-04-23,-1.752897358379097
2021-04-24,-1.7466385929471877
2021-04-25,-1.7396510289288611
2021-04-26,-1.7319394447986003
2021-04-27,-1.7235089157367005
2021-04-28,-1.7143648107334666
2021-04-29,-1.7045127895753631
2021-04-30,-1.6939587997146974
2021-05-01,-1.682709073024467
2021-05-02,-1.670770122440023
2021-05-03,-1.6581487384892777
2021-05-04,-1.6448519857131916
2021-05-05,-1.6308871989783524
2021-05-06,-1.6162619796834732
2021-05-07,-1.6009841918616925
2021-05-08,-1.5850619581805974
2021-05-09,-1.5685036558419203
2021-05-10,-1.5513179123829106
2021-05-11,-1.5335136013814068
2021-05-12,-1.5150998380666865
2021-05-13,-1.4960859748381876
2021-05-14,-1.4764815966942464
2021-05-15,-1.4562965165730102
2021-05-16,-1.4355407706077483
2021-05-17,-1.4142246132987706
2021-05-18,-1.3923585126042315
2021-05-19,-1.3699531449521123
2021-05-20,-1.3470193901756888
2021-05-21,-1.3235683263748537
2021-05-22,-1.2996112247056395
2021-05-23,-1.2751595441003647
2021-05-24,-1.2502249259208085
2021-05-25,-1.2248191885468618
2021-05-26,-1.1989543219031251
2021-05-27,-1.1726424819259322
2021-05-28,-1.1458959849733048
2021-05-29,-1.1187273021803694
2021-05-30,-1.0911490537627633
2021-05-31,-1.063174003270598
2021-06-01,-1.0348150517955446
2021-06-02,-1.0060852321336224
2021-06-03,-0.9769977029062974
2021-06-04,-0.947565742642486
2021-06-05,-0.917802743824096
2021-06-06,-0.8877222068977183
2021-06-07,-0.8573377342551181
2021-06-08,-0.8266630241851506
2021-06-09,-0.7957118647997888
2021-06-10,-0.7644981279368331
2021-06-11,-0.7330357630420644
2021-06-12,-0.7013387910334177
2021-06-13,-0.6694212981498717
2021-06-14,-0.6372974297877024
2021-06-15,-0.6049813843267597
2021-06-16,-0.5724874069494275
2021-06-17,-0.5398297834549086
2021-06-18,-0.5070228340714956
2021-06-19,-0.4740809072694563
2021-06-20,-0.4410183735771765
2021-06-21,-0.4078496194031849
2021-06-22,-0.37458904086667777
2021-06-23,-0.3412510376391521
2021-06-24,-0.3078500067997422
2021-06-25,-0.2744003367068473
2021-06-26,-0.2409164008886173
2021-06-27,-0.2074125519548572
2021-06-28,-0.1739031155328891
2021-06-29,-0.14040238422989754
2021-06-30,-0.1069246116242646
2021-07-01,-0.07348400628838504
2021-07-02,-0.04009472584542882
2021-07-03,-0.006770871062501037
2021-07-04,0.026473520017374404
2021-07-05,0.0596244779020428
2021-07-06,0.09266810743339728
2021-07-07,0.12559059352459132
2021-07-08,0.1583782068489546
2021-07-09,0.19101730947830686
2021-07-10,0.22349436046839247
2021-07-11,0.25579592138918644
2021-07-12,0.2879086617978513
2021-07-13,0.31981936465215505
2021-07-14,0.35151493166218983
2021-07-15,0.3829823885782637
2021-07-16,0.4142088904128705
2021-07-17,0.4451817265946742
2021-07-18,0.4758883260524817
2021-07-19,0.5063162622272079
2021-07-20,0.5364532580098783
2021-07-21,0.5662871906037457
2021-07-22,0.5958060963086373
2021-07-23,0.6249981752256866
2021-07-24,0.6538517958806396
2021-07-25,0.6823554997639698
2021-07-26,0.7104980057860711
2021-07-27,0.7382682146458391
2021-07-28,0.765655213110996
2021-07-29,0.7926482782085508
2021-07-30,0.8192368813238317
2021-07-31,0.8454106922065733
2021-08-01,0.8711595828825747
2021-08-02,0.8964736314695014
2021-08-03,0.9213431258954397
2021-08-04,0.9457585675188542
2021-08-05,0.969710674648663
2021-08-06,0.9931903859631608
2021-08-07,1.0161888638265988
2021-08-08,1.0386974975022325
2021-08-09,1.060707906260785
2021-08-10,1.082211942383182
2021-08-11,1.103201694056592
2021-08-12,1.123669488162789
2021-08-13,1.1436078929579132
2021-08-14,1.1630097206427503
2021-08-15,1.1818680298227249
2021-08-16,1.2001761278567995
2021-08-17,1.2179275730945922
2021-08-18,1.2351161770010006
2021-08-19,1.2517360061677272
2021-08-20,1.2677813842111179
2021-08-21,1.2832468935557937
2021-08-22,1.2981273771035853
2021-08-23,1.3124179397873603
2021-08-24,1.3261139500093475
2021-08-25,1.3392110409636446
2021-08-26,1.351705111842625
2021-08-27,1.363592328927016
2021-08-28,1.374869126559478
2021-08-29,1.3855322080015473
2021-08-30,1.3955785461738783
2021-08-31,1.4050053842797443
2021-09-01,1.4138102363118328
2021-09-02,1.4219908874423959
2021-09-03,1.42954539429689
2021-09-04,1.4364720851112618
2021-09-05,1.4427695597731165
2021-09-06,1.4484366897470244
2021-09-07,1.4534726178842932
2021-09-08,1.4578767581175671
2021-09-09,1.4616487950406705
2021-09-10,1.4647886833741566
2021-09-11,1.4672966473170719
2021-09-12,1.469173179785499
2021-09-13,1.4704190415384688
2021-09-14,1.4710352601919108
2021-09-15,1.4710231291213212
2021-09-16,1.470384206253904
2021-09-17,1.4691203127509662
2021-09-18,1.4672335315814018
2021-09-19,1.4647262059871418
2021-09-20,1.4616009378414894
2021-09-21,1.4578605859013063
2021-09-22,1.4535082639540622
2021-09-23,1.448547338860778
2021-09-24,1.442981428495984
2021-09-25,1.4368143995857956
2021-09-26,1.4300503654453005
2021-09-27,1.422693683616456
2021-09-28,1.4147489534077635
2021-09-29,1.406221013336996
2021-09-30,1.3971149384783168
2021-10-01,1.3874360377151564
2021-10-02,1.3771898509002456
2021-10-03,1.3663821459242511
2021-10-04,1.355018915694482
2021-10-05,1.3431063750251822
2021-10-06,1.3306509574409475
2021-10-07,1.317659311894852
2021-10-08,1.3041382994028785
2021-10-09,1.290094989596314
2021-10-10,1.2755366571937623
2021-10-11,1.2604707783944915
2021-10-12,1.244905027194832
2021-10-13,1.2288472716294032
2021-10-14,1.2123055699389411
2021-10-15,1.1952881666665454
2021-10-16,1.1778034886841922
2021-10-17,1.1598601411513687
2021-10-18,1.1414669034077274
2021-10-19,1.1226327248016692
2021-10-20,1.1033667204567887
2021-10-21,1.0836781669781483
2021-10-22,1.0635764981003473
2021-10-23,1.0430713002793957
2021-10-24,1.0221723082304004
2021-10-25,1.000889400413107
2021-10-26,0.9792325944673436
2021-10-27,0.957212042600438
2021-10-28,0.9348380269286956
2021-10-29,0.9121209547750292
2021-10-30,0.8890713539248603
2021-10-31,0.8656998678424102
2021-11-01,0.8420172508495234
2021-11-02,0.8180343632691656
2021-11-03,0.7937621665357535
2021-11-04,0.7692117182744846
2021-11-05,0.7443941673518383
2021-11-06,0.7193207488994281
2021-11-07,0.6940027793133922
2021-11-08,0.6684516512315158
2021-11-09,0.6426788284902748
2021-11-10,0.6166958410640047
2021-11-11,0.5905142799883931
2021-11-12,0.5641457922704999
2021-11-13,0.5376020757875011
2021-11-14,0.5108948741763674
2021-11-15,0.484035971716669
2021-11-16,0.4570371882087092
2021-11-17,0.4299103738491773
2021-11-18,0.4026674041065154
2021-11-19,0.37532017459817707
2021-11-20,0.3478805959719622
2021-11-21,0.3203605887935889
2021-11-22,0.2927720784426998
2021-11-23,0.2651269900193791
2021-11-24,0.23743724326342586
2021-11-25,0.2097147474884411
2021-11-26,0.18197139653288236
2021-11-27,0.15421906373018787
2021-11-28,0.12646959690006954
2021-11-29,0.09873481336305348
2021-11-30,0.07102649498033745
2021-12-01,0.04335638322101491
2021-12-02,0.01573617425870062
2021-12-03,-0.01182248590042588
2021-12-04,-0.039308006256160266
2021-12-05,-0.06670885561741795
2021-12-06,-0.0940135673680236
2021-12-07,-0.12121074419320757
2021-12-08,-0.14828906276489226
2021-12-09,-0.17523727838387307
2021-12-10,-0.20204422957702395
2021-12-11,-0.22869884264767776
2021-12-12,-0.25519013617735986
2021-12-13,-0.2815072254770761
2021-12-14,-0.30763932698638324
2021-12-15,-0.3335757626184963
2021-12-16,-0.35930596404971465
2021-12-17,-0.3848194769514768
2021-12-18,-0.4101059651633829
2021-12-19,-0.4351552148055508
2021-12-20,-0.4599571383287057
2021-12-21,-0.4845017785004297
2021-12-22,-0.5087793123260302
2021-12-23,-0.5327800549025209
2021-12-24,-0.5564944632042341
2021-12-25,-0.5799131397986234
2021-12-26,-0.6030268364908455
2021-12-27,-0.6258264578957412
2021-12-28,-0.6483030649358789
2021-12-29,-0.6704478782643458
2021-12-30,-0.6922522816110197
2021-12-31,-0.7137078250510809
2022-01-01,-0.7348062281945664
2022-01-02,-0.7555393832958014
2022-01-03,-0.7758993582815794
2022-01-04,-0.7958783996970045
2022-01-05,-0.8154689355679409
2022-01-06,-0.8346635781790601
2022-01-07,-0.8534551267665039
2022-01-08,-0.8718365701242364
2022-01-09,-0.8898010891231767
2022-01-10,-0.9073420591422638
2022-01-11,-0.9244530524106302
2022-01-12,-0.9411278402601072
2022-01-13,-0.9573603952873232
2022-01-14,-0.9731448934246998
2022-01-15,-0.9884757159196828
2022-01-16,-1.003347451221597
2022-01-17,-1.017754896775547
2022-01-18,-1.0316930607228283
2022-01-19,-1.0451571635073569
2022-01-20,-1.0581426393876658
2022-01-21,-1.07064513785404
2022-01-22,-1.0826605249504742
2022-01-23,-1.094184884501046
2022-01-24,-1.1052145192404847
2022-01-25,-1.1157459518486543
2022-01-26,-1.1257759258887652
2022-01-27,-1.1353014066491414
2022-01-28,-1.1443195818884329
2022-01-29,-1.152827862484184
2022-01-30,-1.1608238829847275
2022-01-31,-1.1683055020644058
2022-02-01,-1.1752708028821637
2022-02-02,-1.1817180933436
2022-02-03,-1.1876459062666047
2022-02-04,-1.1930529994507455
2022-02-05,-1.197938355650621
2022-02-06,-1.2023011824534158
2022-02-07,-1.2061409120609627
2022-02-08,-1.209457200976627
2022-02-09,-1.2122499295973859
2022-02-10,-1.2145192017115172
2022-02-11,-1.216265343902333
2022-02-12,-1.2174889048584572
2022-02-13,-1.2181906545911607
2022-02-14,-1.2183715835593258
2022-02-15,-1.2180329017026346
2022-02-16,-1.2171760373836231
2022-02-17,-1.2158026362392815
2022-02-18,-1.2139145599429024
2022-02-19,-1.211513884876937
2022-02-20,-1.2086029007176395
2022-02-21,-1.205184108932321
2022-02-22,-1.2012602211900725
2022-02-23,-1.1968341576868426
2022-02-24,-1.1919090453858006
2022-02-25,-1.18648821617394
2022-02-26,-1.1805752049359182
2022-02-27,-1.174173747546155
2022-02-28,-1.1672877787802498
2022-03-01,-1.1599214301468046
2022-03-02,-1.1520790276407753
2022-03-03,-1.1437650894195002
2022-03-04,-1.1349843234025916
2022-03-05,-1.1257416247968954
2022-03-06,-1.116042073547762
2022-03-07,-1.1058909317178984
2022-03-08,-1.0952936407950915
2022-03-09,-1.0842558189301317
2022-03-10,-1.0727832581062824
2022-03-11,-1.0608819212416745
2022-03-12,-1.0485579392260191
2022-03-13,-1.0358176078930723
2022-03-14,-1.0226673849302956
2022-03-15,-1.0091138867271845
2022-03-16,-0.9951638851637604
2022-03-17,-0.980824304340744
2022-03-18,-0.966102217252942
2022-03-19,-0.9510048424074136
2022-03-20,-0.935539540387986
2022-03-21,-0.9197138103677176
2022-03-22,-0.9035352865709366
2022-03-23,-0.8870117346864508
2022-03-24,-0.8701510482336282
2022-03-25,-0.8529612448829735
2022-03-26,-0.8354504627328982
2022-03-27,-0.8176269565443741
2022-03-28,-0.7994990939351828
2022-03-29,-0.7810753515354766
2022-03-30,-0.7623643111063921
2022-03-31,-0.7433746556234535
2022-04-01,-0.7241151653265296
2022-04-02,-0.7045947137381047
2022-04-03,-0.6848222636516376
2022-04-04,-0.6648068630918
2022-04-05,-0.6445576412483756
2022-04-06,-0.6240838043856223
2022-04-07,-0.6033946317289025
2022-04-08,-0.5824994713303855
2022-04-09,-0.5614077359156422
2022-04-10,-0.5401288987129423
2022-04-11,-0.5186724892670783
2022-04-12,-0.497048089239537
2022-04-13,-0.4752653281968418
2022-04-14,-0.4533338793888903
2022-04-15,-0.4312634555191089
2022-04-16,-0.40906380450824986
2022-04-17,-0.3867447052536499
2022-04-18,-0.3643159633857676
2022-04-19,-0.3417874070238177
2022-04-20,-0.31916888253230985
2022-04-21,-0.2964702502802997
2022-04-22,-0.2737013804051517
2022-04-23,-0.2508721485826082
2022-04-24,-0.22799243180495155
2022-04-25,-0.2050721041690379
2022-04-26,-0.1821210326759732
2022-04-27,-0.15914907304419276
2022-04-28,-0.13616606553769456
2022-04-29,-0.11318183081116776
2022-04-30,-0.09020616577374392
2022-05-01,-0.06724883947308777
2022-05-02,-0.04431958900153171
2022-05-03,-0.02142811542594281
2022-05-04,0.0014159202570005545
2022-05-05,0.024202901138462955
2022-05-06,0.046923258386391296
2022-05-07,0.06956747520411075
2022-05-08,0.09212609075696533
2022-05-09,0.11458970406540912
2022-05-10,0.1369489778629717
2022-05-11,0.15919464241754128
2022-05-12,0.1813174993144273
2022-05-13,0.20330842519968514
2022-05-14,0.2251583754822064
2022-05-15,0.2468583879930985
2022-05-16,0.2683995866009005
2022-05-17,0.289773184781203
2022-05-18,0.3109704891392648
2022-05-19,0.3319829028842401
2022-05-20,0.3528019292536609
2022-05-21,0.373419174886814
2022-05-22,0.3938263531457583
2022-05-23,0.4140152873826229
2022-05-24,0.4339779141519805
2022-05-25,0.4537062863670431
2022-05-26,0.4731925763984751
2022-05-27,0.4924290791146467
2022-05-28,0.511408214862177
2022-05-29,0.530122532385643
2022-05-30,0.5485647116853621
2022-05-31,0.5667275668121824
2022-06-01,0.5846040485982467
2022-06-02,0.6021872473227227
2022-06-03,0.6194703953115267
2022-06-04,0.6364468694700945
2022-06-05,0.6531101937482869
2022-06-06,0.6694540415365459
2022-06-07,0.6854722379924502
2022-06-08,0.701158762296853
2022-06-09,0.7165077498388135
2022-06-10,0.7315134943285642
2022-06-11,0.7461704498377967
2022-06-12,0.7604732327665731
2022-06-13,0.7744166237362039
2022-06-14,0.7879955694074762
2022-06-15,0.8012051842236331
2022-06-16,0.814040752077554
2022-06-17,0.8264977279026091
2022-06-18,0.8385717391867005
2022-06-19,0.8502585874090346
2022-06-20,0.8615542493992038
2022-06-21,0.8724548786181905
2022-06-22,0.8829568063609396
2022-06-23,0.8930565428801851
2022-06-24,0.902750778431239
2022-06-25,0.9120363842375008
2022-06-26,0.9209104133764652
2022-06-27,0.9293701015860536
2022-06-28,0.937412867991114
2022-06-29,0.9450363157499868
2022-06-30,0.952238232621052
2022-07-01,0.9590165914492148
2022-07-02,0.9653695505723228
2022-07-03,0.9712954541475379
2022-07-04,0.9767928323977216
2022-07-05,0.9818604017779244
2022-07-06,0.9864970650621112
2022-07-07,0.9907019113502784
2022-07-08,0.9944742159961548
2022-07-09,0.9978134404557204
2022-07-10,1.0007192320567957
2022-07-11,1.0031914236900004
2022-07-12,1.0052300334214028
2022-07-13,1.0068352640272216
2022-07-14,1.008007502450972
2022-07-15,1.0087473191834748
2022-07-16,1.0090554675661858
2022-07-17,1.008932883018335
2022-07-18,1.008380682188385
2022-07-19,1.0074001620303659
2022-07-20,1.0059927988056625
2022-07-21,1.004160247010859
2022-07-22,1.0019043382322912
2022-07-23,0.9992270799279626
2022-07-24,0.996130654137532
2022-07-25,0.9926174161211008
2022-07-26,0.9886898929275472
2022-07-27,0.9843507818932008
2022-07-28,0.9796029490716628
2022-07-29,0.9744494275956154
2022-07-30,0.9688934159714856
2022-07-31,0.9629382763078532
2022-08-01,0.9565875324785256
2022-08-02,0.9498448682212204
2022-08-03,0.9427141251728272
2022-08-04,0.9351993008422416
2022-08-05,0.9273045465217896
2022-08-06,0.9190341651382838
2022-08-07,0.9103926090447774
2022-08-08,0.901384477754101
2022-08-09,0.8920145156152967
2022-08-10,0.8822876094340735
2022-08-11,0.8722087860384439
2022-08-12,0.8617832097907092
2022-08-13,0.8510161800469875
2022-08-14,0.8399131285654987
2022-08-15,0.8284796168648348
2022-08-16,0.8167213335334653
2022-08-17,0.8046440914917471
2022-08-18,0.7922538252077175
2022-08-19,0.7795565878679791
2022-08-20,0.766558548504985
2022-08-21,0.7532659890820597
2022-08-22,0.7396853015375048
2022-08-23,0.7258229847891434
2022-08-24,0.7116856417006855
2022-08-25,0.6972799760112945
2022-08-26,0.6826127892297587
2022-08-27,0.6676909774946753
2022-08-28,0.6525215284020718
2022-08-29,0.6371115178018952
2022-08-30,0.6214681065648119
2022-08-31,0.6055985373207674
2022-09-01,0.5895101311707698
2022-09-02,0.5732102843733579
2022-09-03,0.5567064650072353
2022-09-04,0.5400062096115464
2022-09-05,0.5231171198052831
2022-09-06,0.5060468588873148
2022-09-07,0.488803148418537
2022-09-08,0.4713937647876402
2022-09-09,0.453826535762003
2022-09-10,0.4361093370252143
2022-09-11,0.4182500887027349
2022-09-12,0.4002567518772071
2022-09-13,0.38213732509492415
2022-09-14,0.3638998408649678
2022-09-15,0.3455523621525257
2022-09-16,0.3271029788678967
2022-09-17,0.3085598043526905
2022-09-18,0.2899309718647238
2022-09-19,0.2712246310631302
2022-09-20,0.25244894449513805
2022-09-21,0.2336120840860677
2022-09-22,0.21472222763399249
2022-09-23,0.19578755531056055
2022-09-24,0.17681624616945482
2022-09-25,0.15781647466395546
2022-09-26,0.13879640717506944
2022-09-27,0.11976419855167902
2022-09-28,0.10072798866415404
2022-09-29,0.08169589897286351
2022-09-30,0.06267602911301172
2022-10-01,0.04367645349721369
2022-10-02,0.024705217937213763
2022-10-03,0.005770336286140056
2022-10-04,-0.013120212897325838
2022-10-05,-0.03195848966149625
2022-10-06,-0.05073659594958806
2022-10-07,-0.06944667886165637
2022-10-08,-0.08808093388922543
2022-10-09,-0.10663160812130608
2022-10-10,-0.12509100342050444
2022-10-11,-0.1434514795679415
2022-10-12,-0.16170545737572234
2022-10-13,-0.17984542176570653
2022-10-14,-0.1978639248133537
2022-10-15,-0.2157535887554312
2022-10-16,-0.2335071089603932
2022-10-17,-0.2511172568602568
2022-10-18,-0.2685768828428214
2022-10-19,-0.2858789191030972
2022-10-20,-0.3030163824528276
2022-10-21,-0.319982377087013
2022-10-22,-0.3367700973063629
2022-10-23,-0.3533728301946246
2022-10-24,-0.3697839582497609
2022-10-25,-0.38599696196796696
2022-10-26,-0.4020054223795449
2022-10-27,-0.417803023535672
2022-10-28,-0.4333835549451244
2022-10-29,-0.4487409139600452
2022-10-30,-0.46386910810986
2022-10-31,-0.4787622573824798
2022-11-01,-0.4934145964519445
2022-11-02,-0.5078204768516942
2022-11-03,-0.5219743690926735
2022-11-04,-0.5358708647255036
2022-11-05,-0.5495046783459834
2022-11-06,-0.5628706495432013
2022-11-07,-0.5759637447895735
2022-11-08,-0.5887790592721445
2022-11-09,-0.6013118186645148
2022-11-10,-0.6135573808387885
2022-11-11,-0.6255112375169586
2022-11-12,-0.6371690158611755
2022-11-13,-0.6485264800023751
2022-11-14,-0.6595795325067627
2022-11-15,-0.6703242157796859
2022-11-16,-0.6807567134064497
2022-11-17,-0.6908733514296618
2022-11-18,-0.7006705995627108
2022-11-19,-0.7101450723390413
2022-11-20,-0.7192935301968629
2022-11-21,-0.7281128804990162
2022-11-22,-0.7366001784877089
2022-11-23,-0.7447526281738791
2022-11-24,-0.7525675831609715
2022-11-25,-0.7600425474029309
2022-11-26,-0.7671751758962585
2022-11-27,-0.7739632753059967
2022-11-28,-0.7804048045255372
2022-11-29,-0.7864978751701824
2022-11-30,-0.7922407520044086
2022-12-01,-0.797631853302813
2022-12-02,-0.8026697511447604
2022-12-03,-0.8073531716427574
2022-12-04,-0.8116809951046342
2022-12-05,-0.8156522561296148
2022-12-06,-0.8192661436384068
2022-12-07,-0.8225220008374592
2022-12-08,-0.8254193251175631
2022-12-09,-0.8279577678870058
2022-12-10,-0.8301371343395066
2022-12-11,-0.8319573831571961
2022-12-12,-0.833418626148927
2022-12-13,-0.8345211278242282
2022-12-14,-0.8352653049032465
2022-12-15,-0.8356517257630371
2022-12-16,-0.8356811098206017
2022-12-17,-0.8353543268530912
2022-12-18,-0.8346723962556155
2022-12-19,-0.8336364862371373
2022-12-20,-0.8322479129549373
2022-12-21,-0.8305081395881786
2022-12-22,-0.8284187753511119
2022-12-23,-0.8259815744464891
2022-12-24,-0.8231984349597874
2022-12-25,-0.8200713976948499
2022-12-26,-0.816602644951593
2022-12-27,-0.8127944992464384
2022-12-28,-0.8086494219761633
2022-12-29,-0.8041700120258675
2022-12-30,-0.7993590043218017
2022-12-31,-0.7942192683297977
2023-01-01,-0.7887538065000828
2023-01-02,-0.782965752659271
2023-01-03,-0.7768583703503459
2023-01-04,-0.7704350511214721
2023-01-05,-0.7636993127644914
2023-01-06,-0.7566547975039762
2023-01-07,-0.7493052701377378
2023-01-08,-0.7416546161296985
2023-01-09,-0.7337068396560591
2023-01-10,-0.7254660616057106
2023-01-11,-0.7169365175358536
2023-01-12,-0.708122555583809
2023-01-13,-0.6990286343360159
2023-01-14,-0.6896593206552336
2023-01-15,-0.6800192874669726
2023-01-16,-0.670113311506201
2023-01-17,-0.6599462710253942
2023-01-18,-0.6495231434649696
2023-01-19,-0.6388490030872346
2023-01-20,-0.6279290185749119
2023-01-21,-0.6167684505953702
2023-01-22,-0.6053726493316754
2023-01-23,-0.5937470519816027
2023-01-24,-0.5818971802257475
2023-01-25,-0.5698286376658963
2023-01-26,-0.5575471072348189
2023-01-27,-0.5450583485786574
2023-01-28,-0.5323681954130967
2023-01-29,-0.5194825528545042
2023-01-30,-0.5064073947272419
2023-01-31,-0.4931487608483538
2023-02-01,-0.4797127542908436
2023-02-02,-0.4661055386267613
2023-02-03,-0.4523333351513233
2023-02-04,-0.4384024200892944
2023-02-05,-0.4243191217848687
2023-02-06,-0.4100898178762849
2023-02-07,-0.3957209324564192
2023-02-08,-0.3812189332206002
2023-02-09,-0.36659032860289176
2023-02-10,-0.3518416649020943
2023-02-11,-0.33697952339871184
2023-02-12,-0.32201051746414
2023-02-13,-0.3069412896633207
2023-02-14,-0.2917785088521186
2023-02-15,-0.276528867270667
2023-02-16,-0.2611990776339319
2023-02-17,-0.2457958702207418
2023-02-18,-0.23032598996252665
2023-02-19,-0.21479619353300666
2023-02-20,-0.19921324644007088
2023-02-21,-0.183583920121076
2023-02-22,-0.1679149890427985
2023-02-23,-0.15221322780726085
2023-02-24,-0.13648540826465294
2023-02-25,-0.12073829663456045
2023-02-26,-0.10497865063670582
2023-02-27,-0.08921321663240257
2023-02-28,-0.07344872677791266
2023-03-01,-0.0576918961908917
2023-03-02,-0.041949420131096815
2023-03-03,-0.026227971196522745
2023-03-04,-0.010534196536123796
2023-03-05,0.00512528491973268
2023-03-06,0.020743885209944263
2023-03-07,0.03631505007335772
2023-03-08,0.05183226165834521
2023-03-09,0.0672890412101703
2023-03-10,0.08267895173505316
2023-03-11,0.09799560063985764
2023-03-12,0.11323264234633545
2023-03-13,0.1283837808788766
2023-03-14,0.14344277242472864
2023-03-15,0.15840342786566206
2023-03-16,0.17325961528007322
2023-03-17,0.18800526241453466
2023-03-18,0.20263435912379976
2023-03-19,0.217140959778338
2023-03-20,0.23151918563840415
2023-03-21,0.2457632271937517
2023-03-22,0.2598673464680611
2023-03-23,0.2738258792871928
2023-03-24,0.2876332375103865
2023-03-25,0.30128391122354864
2023-03-26,0.3147724708937853
2023-03-27,0.3280935694843608
2023-03-28,0.3412419445292761
2023-03-29,0.35421242016668464
2023-03-30,0.3669999091303795
2023-03-31,0.3795994146986083
2023-04-01,0.3920060325994895
2023-04-02,0.404214952872326
2023-04-03,0.4162214616841321
2023-04-04,0.4280209431007109
2023-04-05,0.4396088808116376
2023-04-06,0.4509808598085308
2023-04-07,0.4621325680160092
2023-04-08,0.4730597978747573
2023-04-09,0.4837584478761437
2023-04-10,0.4942245240478571
2023-04-11,0.504454141390049
2023-04-12,0.5144435252614917
2023-04-13,0.5241890127152877
2023-04-14,0.5336870537836816
2023-04-15,0.5429342127115567
2023-04-16,0.5519271691382162
2023-04-17,0.5606627192270706
2023-04-18,0.569137776742885
2023-04-19,0.5773493740762489
2023-04-20,0.5852946632149689
2023-04-21,0.5929709166620984
2023-04-22,0.6003755283003449
2023-04-23,0.6075060142026208
2023-04-24,0.6143600133885236
2023-04-25,0.6209352885265587
2023-04-26,0.6272297265819362
2023-04-27,0.6332413394098059
2023-04-28,0.6389682642938048
2023-04-29,0.6444087644298317
2023-04-30,0.6495612293549707
2023-05-01,0.6544241753215183
2023-05-02,0.6589962456160944
2023-05-03,0.6632762108238307
2023-05-04,0.6672629690376652
2023-05-05,0.6709555460127848
2023-05-06,0.6743530952662891
2023-05-07,0.6774548981221655
2023-05-08,0.6802603637016951
2023-05-09,0.6827690288594241
2023-05-10,0.6849805580648665
2023-05-11,0.6868947432301183
2023-05-12,0.6885115034835967
2023-05-13,0.6898308848901248
2023-05-14,0.6908530601176237
2023-05-15,0.6915783280506781
2023-05-16,0.6920071133512751
2023-05-17,0.6921399659670333
2023-05-18,0.6919775605872608
2023-05-19,0.6915206960472046
2023-05-20,0.6907702946808696
2023-05-21,0.6897274016228165
2023-05-22,0.6883931840593533
2023-05-23,0.6867689304295731
2023-05-24,0.6848560495766971
2023-05-25,0.68265606985021
2023-05-26,0.6801706381592911
2023-05-27,0.6774015189780631
2023-05-28,0.6743505933032055
2023-05-29,0.6710198575644891
2023-05-30,0.6674114224888199
2023-05-31,0.6635275119183818
2023-06-01,0.6593704615835024
2023-06-02,0.6549427178308752
2023-06-03,0.6502468363077861
2023-06-04,0.6452854806030216
2023-06-05,0.6400614208451363
2023-06-06,0.6345775322587885
2023-06-07,0.6288367936798605
2023-06-08,0.6228422860300964
2023-06-09,0.6165971907520122
2023-06-10,0.6101047882048376
2023-06-11,0.603368456022273
2023-06-12,0.5963916674328562
2023-06-13,0.5891779895437428
2023-06-14,0.5817310815887278
2023-06-15,0.5740546931413371
2023-06-16,0.5661526622938429
2023-06-17,0.558028913803059
2023-06-18,0.5496874572037874
2023-06-19,0.5411323848908056
2023-06-20,0.5323678701702822
2023-06-21,0.5233981652815323
2023-06-22,0.5142275993900279
2023-06-23,0.5048605765525871
2023-06-24,0.4953015736556791
2023-06-25,0.4855551383277926
2023-06-26,0.4756258868268167
2023-06-27,0.4655185019034005
2023-06-28,0.455237730641257
2023-06-29,0.444788382275394
2023-06-30,0.43417532598924896
2023-07-01,0.42340348869172706
2023-07-02,0.41247785277513177
2023-07-03,0.401403453854995
2023-07-04,0.3901853784928139
2023-07-05,0.3788287619027055
2023-07-06,0.3673387856429967
2023-07-07,0.3557206752937737
2023-07-08,0.3439796981214077
2023-07-09,0.33212116073109393
2023-07-10,0.3201504067084244
2023-07-11,0.30807281425103394
2023-07-12,0.2958937937913496
2023-07-13,0.2836187856114773
2023-07-14,0.2712532574512659
2023-07-15,0.25880270211057904
2023-07-16,0.2462726350468167
2023-07-17,0.23366859196871276
2023-07-18,0.22099612642747551
2023-07-19,0.20826080740620992
2023-07-20,0.19546821690883195
2023-07-21,0.18262394754926
2023-07-22,0.1697336001421802
2023-07-23,0.15680278129613334
2023-07-24,0.14383710101021896
2023-07-25,0.13084217027515432
2023-07-26,0.11782359867997942
2023-07-27,0.10478699202513247
2023-07-28,0.0917379499431799
2023-07-29,0.07868206352791172
2023-07-30,0.06562491297307736
2023-07-31,0.05257206522145781
2023-08-01,0.03952907162553712
2023-08-02,0.02650146562045478
2023-08-03,0.013494760410486492
2023-08-04,0.0005144466697197128
2023-08-05,-0.012434009741845536
2023-08-06,-0.025345170046121083
2023-08-07,-0.038213624797468336
2023-08-08,-0.05103399611531791
2023-08-09,-0.06380093989767986
2023-08-10,-0.07650914801493211
2023-08-11,-0.08915335048271791
2023-08-12,-0.10172831761336082
2023-08-13,-0.11422886214465125
2023-08-14,-0.12664984134543492
2023-08-15,-0.13898615909688286
2023-08-16,-0.15123276794889512
2023-08-17,-0.16338467115054686
2023-08-18,-0.17543692465404925
2023-08-19,-0.1873846390911661
2023-08-20,-0.19922298172158048
2023-08-21,-0.2109471783521835
2023-08-22,-0.22255251522680575
2023-08-23,-0.2340343408853928
2023-08-24,-0.24538806799217355
2023-08-25,-0.2566091751318554
2023-08-26,-0.2676932085734211
2023-08-27,-0.278635784000598
2023-08-28,-0.2894325882085979
2023-08-29,-0.3000793807662391
2023-08-30,-0.3105719956430729
2023-08-31,-0.3209063428006659
2023-09-01,-0.3310784097476885
2023-09-02,-0.3410842630579969
2023-09-03,-0.3509200498513924
2023-09-04,-0.3605819992362818
2023-09-05,-0.3700664237139521
2023-09-06,-0.3793697205437277
2023-09-07,-0.3884883730687461
2023-09-08,-0.3974189520016712
2023-09-09,-0.4061581166701026
2023-09-10,-0.41470261622104543
2023-09-11,-0.4230492907842326
2023-09-12,-0.4311950725937018
2023-09-13,-0.4391369870674542
2023-09-14,-0.4468721538446425
2023-09-15,-0.454397787780127
2023-09-16,-0.4617111998959521
2023-09-17,-0.4688097982895123
2023-09-18,-0.4756910889981047
2023-09-19,-0.4823526768196138
2023-09-20,-0.48879226608908205
2023-09-21,-0.4950076614109499
2023-09-22,-0.5009967683467601
2023-09-23,-0.5067575940581408
2023-09-24,-0.5122882479049105
2023-09-25,-0.517586941998154
2023-09-26,-0.5226519917081486
2023-09-27,-0.5274818161270374
2023-09-28,-0.5320749384861577
2023-09-29,-0.536429986527968
2023-09-30,-0.5405456928325179
2023-10-01,-0.5444208950984414
2023-10-02,-0.5480545363784632
2023-10-03,-0.5514456652694286
2023-10-04,-0.5545934360568927
2023-10-05,-0.5574971088143139
2023-10-06,-0.5601560494569274
2023-10-07,-0.5625697297503842
2023-10-08,-0.5647377272742629
2023-10-09,-0.5666597253405865
2023-10-10,-0.5683355128674825
2023-10-11,-0.5697649842081579
2023-10-12,-0.5709481389353701
2023-10-13,-0.571885081581591
2023-10-14,-0.5725760213350937
2023-10-15,-0.5730212716921914
2023-10-16,-0.57322125006589
2023-10-17,-0.5731764773512278
2023-10-18,-0.5728875774475934
2023-10-19,-0.5723552767383339
2023-10-20,-0.5715804035279773
2023-10-21,-0.5705638874374179
2023-10-22,-0.5693067587574235
2023-10-23,-0.5678101477608415
2023-10-24,-0.5660752839739044
2023-10-25,-0.5641034954070399
2023-10-26,-0.5618962077456181
2023-10-27,-0.5594549435010779
2023-10-28,-0.5567813211228907
2023-10-29,-0.5538770540718411
2023-10-30,-0.5507439498551081
2023-10-31,-0.5473839090236607
2023-11-01,-0.5437989241324812
2023-11-02,-0.5399910786641541
2023-11-03,-0.5359625459163714
2023-11-04,-0.5317155878539128
2023-11-05,-0.5272525539256832
2023-11-06,-0.5225758798473948
2023-11-07,-0.5176880863504963
2023-11-08,-0.5125917778979707
2023-11-09,-0.5072896413676237
2023-11-10,-0.5017844447035108
2023-11-11,-0.4960790355361525
2023-11-12,-0.4901763397722035
2023-11-13,-0.4840793601542515
2023-11-14,-0.47779117479144295
2023-11-15,-0.4713149356616063
2023-11-16,-0.4646538670856198
2023-11-17,-0.4578112641747136
2023-11-18,-0.4507904912514451
2023-11-19,-0.4435949802450865
2023-11-20,-0.4362282290621667
2023-11-21,-0.4286937999329284
2023-11-22,-0.4209953177344621
2023-11-23,-0.41313646829128736
2023-11-24,-0.4051209966541659
2023-11-25,-0.39695270535792826
2023-11-26,-0.3886354526591129
2023-11-27,-0.380173150754216
2023-11-28,-0.3715697639793597
2023-11-29,-0.362829306992192
2023-11-30,-0.35395584293683635
2023-12-01,-0.3449534815927163
2023-12-02,-0.3358263775080824
2023-12-03,-0.3265787281190737
2023-12-04,-0.3172147718551545
2023-12-05,-0.30773878623176315
2023-12-06,-0.2981550859310201
2023-12-07,-0.2884680208713419
2023-12-08,-0.2786819742668099
2023-12-09,-0.26880136067714816
2023-12-10,-0.25883062404916196
2023-12-11,-0.2487742357504955
2023-12-12,-0.2386366925965627
2023-12-13,-0.2284225148715115
2023-12-14,-0.21813624434407766
2023-12-15,-0.20778244227918655
2023-12-16,-0.19736568744616195
2023-12-17,-0.1868905741243973
2023-12-18,-0.17636171010734636
2023-12-19,-0.16578371470568834
2023-12-20,-0.15516121675051914
2023-12-21,-0.14449885259742076
2023-12-22,-0.13380126413225674
2023-12-23,-0.12307309677953868
2023-12-24,-0.1123189975142072
2023-12-25,-0.10154361287766474
2023-12-26,-0.09075158699889628
2023-12-27,-0.07994755962150821
2023-12-28,-0.06913616413751103
2023-12-29,-0.05832202562866772
2023-12-30,-0.04750975891622318
2023-12-31,-0.036703966619825334
2024-01-01,-0.025909237226442325
2024-01-02,-0.015130143170073572
2024-01-03,-0.004371238923046887
2024-01-04,0.006362940900314241
2024-01-05,0.017067883426875274
2024-01-06,0.027739099393957533
2024-01-07,0.038372125003924944
2024-01-08,0.04896252376333704
2024-01-09,0.059505888305922225
2024-01-10,0.06999784219863472
2024-01-11,0.0804340417300677
2024-01-12,0.09081017768050327
2024-01-13,0.10112197707289172
2024-01-14,0.11136520490405974
2024-01-15,0.1215356658554595
2024-01-16,0.13162920598278044
2024-01-17,0.14164171438375536
2024-01-18,0.151569124843504
2024-01-19,0.16140741745676954
2024-01-20,0.1711526202264126
2024-01-21,0.1808008106375409
2024-01-22,0.19034811720666445
2024-01-23,0.19979072100527648
2024-01-24,0.20912485715727608
2024-01-25,0.21834681630965705
2024-01-26,0.2274529460759036
2024-01-27,0.2364396524515461
2024-01-28,0.2453034012013393
2024-01-29,0.2540407192175464
2024-01-30,0.2626481958488174
2024-01-31,0.2711224841991716
2024-02-01,0.27946030239660274
2024-02-02,0.28765843483084064
2024-02-03,0.2957137333598209
2024-02-04,0.3036231184844225
2024-02-05,0.3113835804910535
2024-02-06,0.3189921805616777
2024-02-07,0.3264460518508863
2024-02-08,0.33374240052964205
2024-02-09,0.3408785067953294
2024-02-10,0.3478517258477649
2024-02-11,0.354659488830838
2024-02-12,0.3612993037394615
2024-02-13,0.36776875629153616
2024-02-14,0.37406551076463984
2024-02-15,0.3801873107971746
2024-02-16,0.3861319801537179
2024-02-17,0.3918974234543381
2024-02-18,0.3974816268676561
2024-02-19,0.4028826587674437
2024-02-20,0.40809867035257147
2024-02-21,0.41312789623013296
2024-02-22,0.4179686549615837
2024-02-23,0.4226193495717595
2024-02-24,0.42707846802064464
2024-02-25,0.4313445836377816
2024-02-26,0.43541635551923225
2024-02-27,0.4392925288870094
2024-02-28,0.4429719354109237
2024-02-29,0.4464534934927949
2024-03-01,0.4497362085130065
2024-03-02,0.4528191730393877
2024-03-03,0.4557015669984256
2024-03-04,0.4583826578088325
2024-03-05,0.4608618004774989
2024-03-06,0.4631384376578886
2024-03-07,0.4652120996709426
2024-03-08,0.4670824044885727
2024-03-09,0.4687490576798498
2024-03-10,0.470211852319996
2024-03-11,0.471470668862316
2024-03-12,0.4725254749732124
2024-03-13,0.4733763253304439
2024-03-14,0.4740233613848062
2024-03-15,0.47446681108543
2024-03-16,0.4747069885688942
2024-03-17,0.4747442938123852
2024-03-18,0.4745792122511365
2024-03-19,0.4742123143603949
2024-03-20,0.4736442552021876
2024-03-21,0.4728757739371622
2024-03-22,0.4719076933017996
2024-03-23,0.4707409190513063
2024-03-24,0.4693764393685056
2024-03-25,0.4678153242390694
2024-03-26,0.4660587247934337
2024-03-27,0.4641078726157653
2024-03-28,0.4619640790203541
2024-03-29,0.4596287342958172
2024-03-30,0.4571033069175217
2024-03-31,0.4543893427286347
2024-04-01,0.4514884640902319
2024-04-02,0.4484023690008999
2024-04-03,0.4451328301862833
2024-04-04,0.44168169415904257
2024-04-05,0.4380508802496887
2024-04-06,0.4342423796087885
2024-04-07,0.4302582541810303
2024-04-08,0.4261006356516572
2024-04-09,0.4217717243657905
2024-04-10,0.41727378822116257
2024-04-11,0.41260916153480265
2024-04-12,0.4077802438842227
2024-04-13,0.4027894989236556
2024-04-14,0.3976394531759172
2024-04-15,0.39233269480046296
2024-04-16,0.3868718723382261
2024-04-17,0.3812596934338279
2024-04-18,0.3754989235357593
2024-04-19,0.3695923845751463
2024-04-20,0.3635429536237101
2024-04-21,0.3573535615315481
2024-04-22,0.35102719154536666
2024-04-23,0.3445668779077998
2024-04-24,0.3379757044384605
2024-04-25,0.3312568030973724
2024-04-26,0.32441335253143866
2024-04-27,0.3174485766046091
2024-04-28,0.3103657429124104
2024-04-29,0.30316816128151536
2024-04-30,0.2958591822550218
2024-05-01,0.2884421955641265
2024-05-02,0.2809206285868777
2024-05-03,0.27329794479469266
2024-05-04,0.2655776421873362
2024-05-05,0.2577632517170525
2024-05-06,0.2498583357025497
2024-05-07,0.2418664862335399
2024-05-08,0.23379132356653265
2024-05-09,0.22563649451259415
2024-05-10,0.2174056708177726
2024-05-11,0.20910254753690188
2024-05-12,0.200730841401492
2024-05-13,0.19229428918241467
2024-05-14,0.18379664604809776
2024-05-15,0.17524168391893555
2024-05-16,0.16663318981862896
2024-05-17,0.15797496422316334
2024-05-18,0.14927081940813386
2024-05-19,0.14052457779512784
2024-05-20,0.131740070297869
2024-05-21,0.1229211346688308
2024-05-22,0.11407161384702162
2024-05-23,0.105195354307642
2024-05-24,0.09629620441431412
2024-05-25,0.08737801277457817
2024-05-26,0.07844462659934852
2024-05-27,0.06949989006701958
2024-05-28,0.0605476426929056
2024-05-29,0.0515917177046978
2024-05-30,0.04263594042461442
2024-05-31,0.03368412665891793
2024-06-01,0.02474008109546668
2024-06-02,0.0158075957099641
2024-06-03,0.0068904481815633065
2024-06-04,-0.002007599681521195
2024-06-05,-0.010882803505748329
2024-06-06,-0.01973143790469191
2024-06-07,-0.02854979801955508
2024-06-08,-0.03733420104713087
2024-06-09,-0.04608098775458859
2024-06-10,-0.05478652398047346
2024-06-11,-0.06344720212131669
2024-06-12,-0.07205944260324018
2024-06-13,-0.08061969533801101
2024-06-14,-0.08912444116290325
2024-06-15,-0.09757019326383937
2024-06-16,-0.10595349858122707
2024-06-17,-0.11427093919793928
2024-06-18,-0.12251913370888964
2024-06-19,-0.13069473857166444
2024-06-20,-0.1387944494376846
2024-06-21,-0.14681500246337562
2024-06-22,-0.1547531756008387
2024-06-23,-0.16260578986752247
2024-06-24,-0.17036971059440614
2024-06-25,-0.17804184865221626
2024-06-26,-0.18561916165520745
2024-06-27,-0.1930986551420509
2024-06-28,-0.2004773837333836
2024-06-29,-0.20775245226558176
2024-06-30,-0.21492101690033635
2024-07-01,-0.22198028620961474
2024-07-02,-0.22892752223560944
2024-07-03,-0.2357600415252836
2024-07-04,-0.2424752161391332
2024-07-05,-0.24907047463380355
2024-07-06,-0.2555433030182018
2024-07-07,-0.2618912456827665
2024-07-08,-0.26811190630156456
2024-07-09,-0.2742029487068957
2024-07-10,-0.2801620977361024
2024-07-11,-0.2859871400502923
2024-07-12,-0.29167592492469313
2024-07-13,-0.2972263650103743
2024-07-14,-0.30263643706707993
2024-07-15,-0.30790418266693514
2024-07-16,-0.3130277088687937
2024-07-17,-0.3180051888630163
2024-07-18,-0.3228348625864763
2024-07-19,-0.32751503730760123
2024-07-20,-0.332044088181282
2024-07-21,-0.3364204587734795
2024-07-22,-0.3406426615553866
2024-07-23,-0.3447092783670072
2024-07-24,-0.34861896085002925
2024-07-25,-0.3523704308498868
2024-07-26,-0.35596248078691195
2024-07-27,-0.3593939739964978
2024-07-28,-0.3626638450382032
2024-07-29,-0.3657710999737426
2024-07-30,-0.3687148166138233
2024-07-31,-0.3714941447337969
2024-08-01,-0.3741083062581153
2024-08-02,-0.3765565954135856
2024-08-03,-0.37883837885143706
2024-08-04,-0.3809530957382281
2024-08-05,-0.3829002578156246
2024-08-06,-0.3846794494291096
2024-08-07,-0.3862903275256821
2024-08-08,-0.38773262162062494
2024-08-09,-0.3890061337334352
2024-08-10,-0.3901107382930142
2024-08-11,-0.3910463820122401
2024-08-12,-0.3918130837320486
2024-08-13,-0.3924109342351629
2024-08-14,-0.3928400960296311
2024-08-15,-0.3931008031023329
2024-08-16,-0.39319336064263904
2024-08-17,-0.3931181447364134
2024-08-18,-0.39287560203055977
2024-08-19,-0.3924662493683328
2024-08-20,-0.3918906733956362
2024-08-21,-0.3911495301385524
2024-08-22,-0.3902435445523509
2024-08-23,-0.3891735100422399
2024-08-24,-0.3879402879561351
2024-08-25,-0.38654480704973
2024-08-26,-0.3849880629241657
2024-08-27,-0.383271117436606
2024-08-28,-0.3813950980840364
2024-08-29,-0.3793611973606172
2024-08-30,-0.3771706720889257
2024-08-31,-0.37482484272544336
2024-09-01,-0.3723250926406416
2024-09-02,-0.36967286737403865
2024-09-03,-0.36686967386460734
2024-09-04,-0.36391707965691933
2024-09-05,-0.3608167120834293
2024-09-06,-0.3575702574233005
2024-09-07,-0.354179460038193
2024-09-08,-0.3506461214854377
2024-09-09,-0.34697209960902825
2024-09-10,-0.3431593076088772
2024-09-11,-0.3392097130887834
2024-09-12,-0.33512533708356834
2024-09-13,-0.3309082530658522
2024-09-14,-0.32656058593293635
2024-09-15,-0.3220845109742789
2024-09-16,-0.3174822528200493
2024-09-17,-0.3127560843712545
2024-09-18,-0.3079083257119425
2024-09-19,-0.3029413430039867
2024-09-20,-0.29785754736496844
2024-09-21,-0.29265939372967603
2024-09-22,-0.2873493796957454
2024-09-23,-0.2819300443539754
2024-09-24,-0.2764039671038513
2024-09-25,-0.2707737664548205
2024-09-26,-0.2650420988138654
2024-09-27,-0.25921165725992223
2024-09-28,-0.25328517030570386
2024-09-29,-0.24726540064748234
2024-09-30,-0.2411551439033953
2024-10-01,-0.23495722734084254
2024-10-02,-0.22867450859353955
2024-10-03,-0.22230987436880384
2024-10-04,-0.21586623914564546
2024-10-05,-0.20934654386424215
2024-10-06,-0.20275375460737746
2024-10-07,-0.19609086127442216
2024-10-08,-0.1893608762484465
2024-10-09,-0.182566833057043
2024-10-10,-0.17571178502744586
2024-10-11,-0.1687988039365619
2024-10-12,-0.16183097865641494
2024-10-13,-0.15481141379573762
2024-10-14,-0.1477432283381297
2024-10-15,-0.14062955427753468
2024-10-16,-0.13347353525146802
2024-10-17,-0.12627832517273796
2024-10-18,-0.1190470868600929
2024-10-19,-0.11178299066853402
2024-10-20,-0.10448921311972448
2024-10-21,-0.09716893553323296
2024-10-22,-0.08982534265903705
2024-10-23,-0.08246162131202306
2024-10-24,-0.07508095900890062
2024-10-25,-0.06768654260826704
2024-10-26,-0.06028155695423201
2024-10-27,-0.0528691835243332
2024-10-28,-0.0454525990821472
2024-10-29,-0.038034974335319015
2024-10-30,-0.03061947259940801
2024-10-31,-0.023209248468266132
2024-11-01,-0.01580744649133736
2024-11-02,-0.008417199858587084
2024-11-03,-0.0010416290934402274
2024-11-04,0.00631615924557188
2024-11-05,0.013653073854086822
2024-11-06,0.020966039961419283
2024-11-07,0.02825200059994315
2024-11-08,0.03550791786366975
2024-11-09,0.042730774155674285
2024-11-10,0.04991757342370516
2024-11-11,0.05706534238363964
2024-11-12,0.06417113173013468
2024-11-13,0.07123201733414747
2024-11-14,0.07824510142669021
2024-11-15,0.08520751376850534
2024-11-16,0.09211641280504176
2024-11-17,0.09896898680643164
2024-11-18,0.10576245499186404
2024-11-19,0.11249406863806932
2024-11-20,0.1191611121713273
2024-11-21,0.12576090424272804
2024-11-22,0.13229079878611594
2024-11-23,0.13874818605845993
2024-11-24,0.14513049366210112
2024-11-25,0.15143518754863378
2024-11-26,0.1576597730038926
2024-11-27,0.1638017956138164
2024-11-28,0.16985884221068145
2024-11-29,0.17582854179949176
2024-11-30,0.1817085664640396
2024-12-01,0.1874966322524397
2024-12-02,0.19319050004167374
2024-12-03,0.19878797638096204
2024-12-04,0.2042869143135256
2024-12-05,0.2096852141765684
2024-12-06,0.2149808243790684
2024-12-07,0.22017174215722402
2024-12-08,0.2252560143071663
2024-12-09,0.2302317378948039
2024-12-10,0.23509706094243246
2024-12-11,0.2398501830919928
2024-12-12,0.2444893562446387
2024-12-13,0.24901288517650885
2024-12-14,0.2534191281303949
2024-12-15,0.2577064973832154
2024-12-16,0.26187345978901194
2024-12-17,0.2659185372973992
2024-12-18,0.2698403074472045
2024-12-19,0.27363740383525154
2024-12-20,0.2773085165600496
2024-12-21,0.2808523926403569
2024-12-22,0.284267836408411
2024-12-23,0.2875537098778073
2024-12-24,0.2907089330858491
2024-12-25,0.2937324844103673
2024-12-26,0.2966234008608573
2024-12-27,0.2993807783439529
2024-12-28,0.3020037719031076
2024-12-29,0.3044915959325233
2024-12-30,0.3068435243652237
2024-12-31,0.3090588908353257
2025-01-01,0.3111370888144417
2025-01-02,0.31307757172227274
2025-01-03,0.3148798530113597
2025-01-04,0.3165435062260677
2025-01-05,0.3180681650357958
2025-01-06,0.3194535232425077
2025-01-07,0.32069933476259754
2025-01-08,0.32180541358320697
2025-01-09,0.3227716336930333
2025-01-10,0.3235979289877584
2025-01-11,0.3242842931501703
2025-01-12,0.3248307795051157
2025-01-13,0.32523750084938785
2025-01-14,0.32550462925670137
2025-01-15,0.32563239585788195
2025-01-16,0.3256210905964426
2025-01-17,0.325471061959695
2025-01-18,0.3251827166855867
2025-01-19,0.3247565194454349
2025-01-20,0.3241929925027621
2025-01-21,0.3234927153484337
2025-01-22,0.32265632431230895
2025-01-23,0.3216845121516368
2025-01-24,0.32057802761641824
2025-01-25,0.3193376749919903
2025-01-26,0.31796431361906946
2025-01-27,0.3164588573915275
2025-01-28,0.3148222742321561
2025-01-29,0.3130555855467124
2025-01-30,0.3111598656565135
2025-01-31,0.30913624120989924
2025-02-01,0.3069858905728345
2025-02-02,0.3047100431989995
2025-02-03,0.3023099789796471
2025-02-04,0.2997870275735958
2025-02-05,0.2971425677176501
2025-02-06,0.29437802651783435
2025-02-07,0.29149487872174346
2025-02-08,0.28849464597241903
2025-02-09,0.2853788960440569
2025-02-10,0.2821492420599684
2025-02-11,0.27880734169314064
2025-02-12,0.2753548963497917
2025-02-13,0.2717936503363065
2025-02-14,0.2681253900099533
2025-02-15,0.2643519429137779
2025-02-16,0.2604751768960877
2025-02-17,0.2564969992149371
2025-02-18,0.2524193556280315
2025-02-19,0.2482442294684761
2025-02-20,0.2439736407067977
2025-02-21,0.2396096449996712
2025-02-22,0.23515433272579275
2025-02-23,0.2306098280093373
2025-02-24,0.2259782877314529
2025-02-25,0.2212619005302364
2025-02-26,0.21646288578965106
2025-02-27,0.2115834926178405
2025-02-28,0.2066259988153008
2025-03-01,0.2015927098333774
2025-03-02,0.19648595772355287
2025-03-03,0.19130810007799626
2025-03-04,0.1860615189618479
2025-03-05,0.1807486198377138
2025-03-06,0.17537183048284868
2025-03-07,0.16993359989950513
2025-03-08,0.16443639721893225
2025-03-09,0.15888271059950518
2025-03-10,0.15327504611946946
2025-03-11,0.1476159266647863
2025-03-12,0.14190789081256364
2025-03-13,0.1361534917105606
2025-03-14,0.1303552959532522
2025-03-15,0.1245158824549412
2025-03-16,0.1186378413204056
2025-03-17,0.11272377271356825
2025-03-18,0.10677628572467568
2025-03-19,0.10079799723647337
2025-03-20,0.0947915307898615
2025-03-21,0.0887595154495175
2025-03-22,0.08270458466996759
2025-03-23,0.07662937516259008
2025-03-24,0.07053652576403087
2025-03-25,0.06442867630650914
2025-03-26,0.05830846649049131
2025-03-27,0.052178534760206084
2025-03-28,0.046041517182474144
2025-03-29,0.03990004632932137
2025-03-30,0.03375675016484235
2025-03-31,0.027614250936778332
2025-04-01,0.021475164073269885
2025-04-02,0.015342097085241953
2025-04-03,0.00921764847487487
2025-04-04,0.0031044066506114173
2025-04-05,-0.0029950511508537656
2025-04-06,-0.009078159935160457
2025-04-07,-0.015142368013006868
2025-04-08,-0.02118513805457812
2025-04-09,-0.02720394813525012
2025-04-10,-0.033196292772145225
2025-04-11,-0.03915968395112012
2025-04-12,-0.04509165214377228
2025-04-13,-0.050989747314056366
2025-04-14,-0.05685153991410689
2025-04-15,-0.06267462186886996
2025-04-16,-0.06845660754915195
2025-04-17,-0.07419513473269901
2025-04-18,-0.07988786555292796
2025-04-19,-0.0855324874349338
2025-04-20,-0.0911267140184079
2025-04-21,-0.09666828606710427
2025-04-22,-0.10215497236450116
2025-04-23,-0.1075845705953096
2025-04-24,-0.1129549082124879
2025-04-25,-0.11826384328942988
2025-04-26,-0.12350926535699855
2025-04-27,-0.12868909622508748
2025-04-28,-0.1338012907883974
2025-04-29,-0.13884383781612322
2025-04-30,-0.14381476072525606
2025-05-01,-0.14871211833720974
2025-05-02,-0.15353400561749153
2025-05-03,-0.15827855439814384
2025-05-04,-0.16294393408269053
2025-05-05,-0.16752835233333274
2025-05-06,-0.17203005574014274
2025-05-07,-0.17644733047201727
2025-05-08,-0.18077850290915687
2025-05-09,-0.1850219402568479
2025-05-10,-0.18917605114033148
2025-05-11,-0.19323928618055292
2025-05-12,-0.1972101385505936
2025-05-13,-0.2010871445125957
2025-05-14,-0.20486888393499925
2025-05-15,-0.20855398078991974
2025-05-16,-0.212141103630504
2025-05-17,-0.2156289660481088
2025-05-18,-0.21901632710916002
2025-05-19,-0.22230199177155247
2025-05-20,-0.22548481128046846
2025-05-21,-0.2285636835434923
2025-05-22,-0.23153755348491534
2025-05-23,-0.23440541337913195
2025-05-24,-0.23716630316303275
2025-05-25,-0.2398193107273192
2025-05-26,-0.242363572186662
2025-05-27,-0.24479827212864455
2025-05-28,-0.2471226438414365
2025-05-29,-0.2493359695201505
2025-05-30,-0.2514375804518525
2025-05-31,-0.2534268571791936
2025-06-01,-0.2553032296426495
2025-06-02,-0.25706617730136083
2025-06-03,-0.25871522923257223
2025-06-04,-0.2602499642096849
2025-06-05,-0.26167001075893825
2025-06-06,-0.26297504719475223
2025-06-07,-0.26416480163376704
2025-06-08,-0.2652390519876261
2025-06-09,-0.2661976259345583
2025-06-10,-0.26704040086982633
2025-06-11,-0.26776730383510994
2025-06-12,-0.26837831142690993
2025-06-13,-0.26887344968406235
2025-06-14,-0.269252793954463
2025-06-15,-0.26951646874110924
2025-06-16,-0.26966464752757763
2025-06-17,-0.26969755258306066
2025-06-18,-0.26961545474709764
2025-06-19,-0.2694186731941415
2025-06-20,-0.26910757517810985
2025-06-21,-0.2686825757570819
2025-06-22,-0.2681441374983039
2025-06-23,-0.2674927701636807
2025-06-24,-0.2667290303759338
2025-06-25,-0.2658535212656158
2025-06-26,-0.26486689209918063
2025-06-27,-0.2637698378883127
2025-06-28,-0.2625630989807298
2025-06-29,-0.2612474606326785
2025-06-30,-0.2598237525633493
2025-07-01,-0.2582928484914482
2025-07-02,-0.2566556656541625
2025-07-03,-0.2549131643087741
2025-07-04,-0.2530663472171711
2025-07-05,-0.2511162591135216
2025-07-06,-0.2490639861553797
2025-07-07,-0.24691065535849446
2025-07-08,-0.2446574340156073
2025-07-09,-0.24230552909952274
2025-07-10,-0.23985618665074454
2025-07-11,-0.2373106911499804
2025-07-12,-0.2346703648758149
2025-07-13,-0.23193656724786546
2025-07-14,-0.22911069415573465
2025-07-15,-0.2261941772740793
2025-07-16,-0.22318848336412614
2025-07-17,-0.2200951135619601
2025-07-18,-0.21691560265392515
2025-07-19,-0.21365151833947751
2025-07-20,-0.2103044604818339
2025-07-21,-0.2068760603467683
2025-07-22,-0.20336797982990704
2025-07-23,-0.1997819106728824
2025-07-24,-0.1961195736687058
2025-07-25,-0.19238271785672434
2025-07-26,-0.188573119707532
2025-07-27,-0.1846925822982049
2025-07-28,-0.18074293447823844
2025-07-29,-0.17672603002656329
2025-07-30,-0.1726437468000208
2025-07-31,-0.1684979858736848
2025-08-01,-0.16429067067341194
2025-08-02,-0.16002374610101336
2025-08-03,-0.15569917765243652
2025-08-04,-0.15131895052935007
2025-08-05,-0.1468850687445286
2025-08-06,-0.14239955422143125
2025-08-07,-0.137864445888374
2025-08-08,-0.13328179876769464
2025-08-09,-0.12865368306031005
2025-08-10,-0.12398218322606855
2025-08-11,-0.1192693970602986
2025-08-12,-0.11451743476695707
2025-08-13,-0.1097284180287806
2025-08-14,-0.10490447907484353
2025-08-15,-0.10004775974592578
2025-08-16,-0.09516041055809524
2025-08-17,-0.09024458976490704
2025-08-18,-0.08530246241862366
2025-08-19,-0.08033619943085751
2025-08-20,-0.07534797663303848
2025-08-21,-0.07033997383710641
2025-08-22,-0.06531437389682901
